<?xml version="1.0" encoding="UTF-8" standalone="yes"?>
<addon id="script.cinema.experience"
     name="Cinema Experience"
  version="3.0.3"
  provider-name="Giftie - nuka1195">
    <requires>
        <import addon="xbmc.python" version="2.1.0"/>
    </requires>
    <extension point="xbmc.python.script" library="addon.py"/>
    <extension point="xbmc.service" library="service.py" start="login"/>
    <extension point="xbmc.addon.metadata">
        <platform>all</platform>
        <summary>Re-create a full movie theater experience.</summary>
        <disclaimer>This work is licensed under a Creative Commons Attribution-NonCommercial-ShareAlike 3.0 Unported License *see license.txt</disclaimer>
        <description>Play trailers, slideshows, intro videos, outro videos: To re-create a movie theater experience in the comfort of your home.</description>
        <description lang="es">Reproduce Avances, presentaciones, videos de intro, videos de outro: Para recrear una experiencia como si estuvieses en una sala de Cine en la comodidad de tu casa.</description>
    </extension>
</addon>
