<window id="56">
  <defaultcontrol always="true">50</defaultcontrol>
  <allowoverlay>no</allowoverlay>
  <include>OpenClose</include>
    <controls>
    <include>Backgroundcolor</include>
    <include>WindowsTopInfos</include>
    <control type="group">
      <posx>960</posx>
      <posy>131</posy>
      <control type="list" id="50">
        <posy>30</posy>
        <width>900</width>
        <height>882</height>
        <onleft>-</onleft>
        <onright>-</onright>
        <onup>50</onup>
        <ondown>50</ondown>
        <pagecontrol>60</pagecontrol>
        <movement>5</movement>
        <scrolltime tween="sine" easing="inout">280</scrolltime>
        <itemlayout width="900" height="81">
          <control type="label" description="Main Label">
            <include>52MainLabel</include>
            <label>$INFO[ListItem.Label]</label>
          </control>
          <control type="label" description="Label 2">
            <posx>20r</posx>
            <height>81</height>
            <width min="30" max="450">auto</width>
            <font>size27</font>
            <scroll>false</scroll>
            <haspath>true</haspath>
            <align>right</align>
            <textcolor>Grey2</textcolor>
            <label>$INFO[ListItem.Label2]</label>
          </control>
          <control type="image" description="Icon">
            <animation condition="true" effect="fade" start="100" end="60" time="0">Conditional</animation>
            <posx>60r</posx>
            <height>81</height>
            <width>42</width>
            <aspectratio>keep</aspectratio>
            <texture>$INFO[ListItem.Icon]</texture>
          </control>
		  <include>listline</include>
        </itemlayout>
        <focusedlayout width="900" height="81">
          <control type="image">
            <width>900</width>
            <height>81</height>
        <texture colordiffuse="$VAR[diffuseselect]">images/buttonselect1.png</texture>
          </control>
          <control type="label" description="Main Label">
            <textcolor>White</textcolor>
            <include>52MainLabel</include>
            <label>$INFO[ListItem.Label]</label>
          </control>
          <control type="label" description="Label 2">
            <posx>20r</posx>
            <height>81</height>
            <width min="30" max="450">auto</width>
            <font>size27</font>
            <scroll>false</scroll>
            <haspath>true</haspath>
            <align>right</align>
            <textcolor>Grey2</textcolor>
            <label>$INFO[ListItem.Label2]</label>
          </control>
          <control type="image" description="Icon">
            <animation effect="fade" start="60" end="100" time="100" delay="200">Focus</animation>
            <posx>60r</posx>
            <height>81</height>
            <width>42</width>
            <aspectratio>keep</aspectratio>
            <texture>$INFO[ListItem.Icon]</texture>
          </control>
		  <include>listline</include>
        </focusedlayout>
        <content>
          <item id="3" description="Subtitles">
            <label>31015</label>
            <label2>$INFO[Skin.String(SubtitleScript_Path)]</label2>
            <onclick>Skin.SetAddon(SubtitleScript_Path,xbmc.python.subtitles)</onclick>
          </item>
          <item id="2" description="Lyrics">
            <label>31062</label>
            <label2>$INFO[Skin.String(LyricPath)]</label2>
            <onclick>Skin.SetAddon(LyricPath,xbmc.python.lyrics)</onclick>
          </item>
          <item id="4" description="Scrollbars">
            <visible>Skin.HasSetting(Scrollbars_Passive)</visible>
            <label>$LOCALIZE[31041]</label>
            <label2>$LOCALIZE[31043]</label2>
            <onclick>Skin.ToggleSetting(Scrollbars_Passive)</onclick>
          </item>
          <item id="4" description="Scrollbars">
            <visible>!Skin.HasSetting(Scrollbars_Passive)</visible>
            <label>$LOCALIZE[31041]</label>
            <label2>$LOCALIZE[31042]</label2>
            <onclick>Skin.ToggleSetting(Scrollbars_Passive)</onclick>
          </item>
          <item id="5" description="Options dialog">
            <visible>Skin.HasSetting(ViewsMenuOff)</visible>
            <label>$LOCALIZE[31044]</label>
            <label2>$LOCALIZE[1223]</label2>
            <onclick>Skin.ToggleSetting(ViewsMenuOff)</onclick>
          </item>
          <item id="5" description="Options dialog">
            <visible>!Skin.HasSetting(ViewsMenuOff)</visible>
            <label>$LOCALIZE[31044]</label>
            <label2>$LOCALIZE[305]</label2>
            <onclick>Skin.ToggleSetting(ViewsMenuOff)</onclick>
          </item>
		  <item id="7" description="Shelf Cinema">
            <label>31088</label>
            <label2>$VAR[scelta]</label2>
            <onclick>Skin.ToggleSetting(scelta)</onclick>
          </item>
          <item id="1" description="HomeColor">
            <label>31033</label>
            <label2>$VAR[colormenu]</label2>
            <onclick>Skin.ToggleSetting(colormenu)</onclick>
          </item>
          <item id="8" description="Home Customize">
            <label>31052</label>
            <onclick>ActivateWindow(1117)</onclick>
          </item>
		  <item id="20" description="Black Home">
            <label>$LOCALIZE[353] $LOCALIZE[513] $LOCALIZE[33068]</label>
			<label2>$VAR[BlackMetal]</label2>
            <onclick>Skin.ToggleSetting(BlackMetal)</onclick>
          </item>
          <item id="18" description="VideoGuides">
            <label>31082</label>
            <onclick>RunScript(special://skin/resources/videoguide.py)</onclick>
          </item>
          <item id="17" description="Manteinance">
            <label>31069</label>
            <icon>DefaultIconWarning.png</icon>
            <onclick>ActivateWindow(1717)</onclick>
          </item>
          <item id="9" description="Quit button function">
            <label>$LOCALIZE[31049]</label>
            <label2 fallback="33061">$VAR[QuitLabel]</label2>
            <onclick>ActivateWindow(1114)</onclick>
          </item>
          <item id="11" description="Show Clock">
            <visible>Skin.HasSetting(HideClock)</visible>
            <label>$LOCALIZE[31047]</label>
            <label2>106</label2>
            <onclick>Skin.ToggleSetting(HideClock)</onclick>
          </item>
          <item id="11" description="Show Clock">
            <visible>!Skin.HasSetting(HideClock)</visible>
            <label>$LOCALIZE[31047]</label>
            <label2>107</label2>
            <onclick>Skin.ToggleSetting(HideClock)</onclick>
          </item>
          <item id="14" description="Music Default">
            <label>$LOCALIZE[31053]</label>
            <label2>$INFO[Skin.String(MusicLink)]</label2>
            <onclick>ActivateWindow(1121)</onclick>
          </item>
          <item id="15" description="Fusion">
            <label>31063</label>
            <onclick>RunScript(special://skin/resources/fusion.py)</onclick>
          </item>
          <item id="16" description="Custom Image for Shelf">
            <label>$LOCALIZE[31030]</label>
            <label2>$VAR[CustomImgStatus]</label2>
            <onclick condition="!Skin.HasSetting(CustomImage)">Skin.SetImage(ShelfCustomImage)</onclick>
            <onclick condition="Skin.HasSetting(CustomImage)">Skin.Reset(CustomImage)</onclick>
            <onclick condition="!Skin.HasSetting(CustomImage)">Skin.SetBool(CustomImage)</onclick>
          </item>
		  <item id="6" description="Internet">
            <label>Connection</label>
			<label2>$VAR[hideconnection]</label2>
            <onclick>Skin.ToggleSetting(hideconnection)</onclick>
          </item>
          <item id="12" description="Reset Skin">
            <label>$LOCALIZE[31036]</label>
            <onclick>Skin.ResetSettings</onclick>
            <onclick>XBMC.ReloadSkin()</onclick>
            <icon>DefaultIconWarning.png</icon>
          </item>
        </content>
      </control>
    </control>
    <include>Linemiddle</include>
    <control type="group" description="Left panel">
      <posx>270</posx>
      <posy>160</posy>
      <control type="image" description="Network">
        <visible>Container(50).HasFocus(6)</visible>
        <include>Help_Panel</include>
        <texture>help/wireless.jpg</texture>
      </control>
	  <control type="image" description="NetworkOFF">
        <visible>Container(50).HasFocus(6) + Skin.HasSetting(hideconnection)</visible>
        <include>Help_Panel</include>
        <texture>help/off.png</texture>
      </control>
      <control type="image" description="ColorMenu">
        <visible>Container(50).HasFocus(1)</visible>
        <include>Help_Panel</include>
        <texture>help/colormenu.png</texture>
      </control>
      <control type="image" description="ColorMenuOff">
        <visible>Container(50).HasFocus(1) + !Skin.HasSetting(colormenu)</visible>
        <include>Help_Panel</include>
        <texture>help/OFF.png</texture>
      </control>
      <control type="image" description="Logo">
        <visible>Container(50).HasFocus(2) | Container(50).HasFocus(3)</visible>
        <include>Help_Panel</include>
        <texture>DefaultAddon.png</texture>
      </control>
      <control type="image" description="ScrollBars">
        <visible>Container(50).HasFocus(4)</visible>
        <include>Help_Panel</include>
        <texture>help/scrollbars.jpg</texture>
      </control>
      <control type="image" description="ScrollBars">
        <visible>Container(50).HasFocus(4) + Skin.HasSetting(Scrollbars_Passive)</visible>
        <include>Help_Panel</include>
        <texture>help/OFF.png</texture>
      </control>
      <control type="image" description="Menuviews">
        <visible>Container(50).HasFocus(5)</visible>
        <include>Help_Panel</include>
        <texture>help/OptionsMenu.jpg</texture>
      </control>
      <control type="image" description="Menuviews">
        <visible>Container(50).HasFocus(5) + Skin.HasSetting(ViewsMenuOff)</visible>
        <include>Help_Panel</include>
        <texture>help/OFF.png</texture>
      </control>
      <control type="image" description="shelf">
        <visible>Container(50).HasFocus(8)</visible>
        <include>Help_Panel</include>
        <texture>help/Homemenu.jpg</texture>
      </control>
      <control type="image" description="quits">
        <visible>Container(50).HasFocus(9)</visible>
        <include>Help_Panel</include>
        <texture>icons/Quits.png</texture>
      </control>
      <control type="image" description="clock">
        <visible>Container(50).HasFocus(11)</visible>
        <include>Help_Panel</include>
        <texture>help/Clock.jpg</texture>
      </control>
      <control type="image" description="clock">
        <visible>Container(50).HasFocus(11) + Skin.HasSetting(HideClock)</visible>
        <include>Help_Panel</include>
        <texture>help/Off.png</texture>
      </control>
      <control type="image" description="reset">
        <visible>Container(50).HasFocus(12) | Container(50).HasFocus(17)</visible>
        <include>Help_Panel</include>
        <texture>help/Warning.png</texture>
      </control>
      <control type="image" description="shelf">
        <visible>Container(50).HasFocus(14)</visible>
        <include>Help_Panel</include>
        <texture>icons/music.png</texture>
      </control>
      <control type="image" description="shelf">
        <visible>Container(50).HasFocus(15)</visible>
        <include>Help_Panel</include>
        <texture>help/Hub.png</texture>
      </control>
      <control type="image" description="icon shelf">
        <visible>Container(50).HasFocus(16)</visible>
        <include>Help_Panel</include>
        <texture>$VAR[ShelfLogo]</texture>
      </control>
	  <control type="image" description="icon shelf">
        <visible>Container(50).HasFocus(20)</visible>
        <include>Help_Panel</include>
        <texture>help/BlackMetal.jpg</texture>
      </control>
	  <control type="image" description="clock">
        <visible>Container(50).HasFocus(20) + !Skin.HasSetting(BlackMetal)</visible>
        <include>Help_Panel</include>
        <texture>help/Off.png</texture>
      </control>
    </control>
    <control type="image" description="Line">
      <posx>150</posx>
      <posy>540</posy>
      <height>1</height>
      <width>660</width>
      <texture>lines/Line.png</texture>
    </control>
    <control type="textbox" description="HelpDetails">
      <posx>170</posx>
      <posy>560</posy>
      <width>660</width>
      <height>380</height>
      <font>size33</font>
      <align>justify</align>
      <label>$VAR[helptext]</label>
    </control>
	 <control type="label" description="HelpDetails">
	 <include>VisibleFade</include>
	 <visible>Container(50).HasFocus(16) + Skin.HasSetting(CustomImage)</visible>
      <posx>60</posx>
      <posy>500</posy>
      <width>840</width>
      <height>40</height>
      <font>size21</font>
	  <align>center</align>
      <textcolor>Grey</textcolor>
      <label>$VAR[ShelfLogo]</label>
    </control>
   </controls>
</window>
