<window>
	<defaultcontrol always="true">11</defaultcontrol>
	<controls>
	<control type="image">
	<posy>310</posy>
	<height>760</height>
	<width>1920</width>
	<texture>images/black.png</texture>
	<colordiffuse>77FFFFFF</colordiffuse>
	</control>
		<control type="group">
    <description>TV Guide Channel</description>
    <include>VisibleFade</include>
	<control type="label">
	 <posx>80</posx>
      <posy>310</posy>
	  <height>40</height>
	  <width>500</width>
	  <textcolor>Yellow</textcolor>
	  <label>$INFO[VideoPlayer.ChannelGroup]</label>
	</control>
    <control type="group">
      <posx>80</posx>
      <posy>340</posy>
      <control type="label">
        <description>Date Time label</description>
		<posx>200</posx>
        <posy>20</posy>
        <width>120</width>
        <height>20</height>
        <font>size26</font>
        <textcolor>white</textcolor>
        <align>right</align>
        <aligny>center</aligny>
        <label>21820</label>
      </control>
      <control type="label">
        <description>Channel</description>
        <posx>220</posx>
        <posy>20</posy>
        <width>600</width>
        <height>20</height>
        <font>size26B</font>
        <textcolor>white</textcolor>
        <align>left</align>
        <aligny>center</aligny>
        <label>19029</label>
      </control>
	  <control type="label">
        <description>Title</description>
        <posx>840</posx>
        <posy>20</posy>
        <width>600</width>
        <height>20</height>
        <font>size26B</font>
        <textcolor>white</textcolor>
        <align>left</align>
        <aligny>center</aligny>
        <label>369</label>
      </control>
      <control type="label">
        <description>Status header label</description>
        <posx>1580</posx>
        <posy>20</posy>
        <width>250</width>
        <height>20</height>
        <font>Size26B</font>
        <textcolor>white</textcolor>
        <align>right</align>
        <aligny>center</aligny>
        <label>126</label>
      </control>
      <control type="image">
        <description>separator image</description>
        <posx>60</posx>
        <posy>57</posy>
        <width>1760</width>
        <height>2</height>
        <texture>images/line.png</texture>
      </control>
      <control type="list" id="11">
        <posx>0</posx>
        <posy>60</posy>
        <width>1760</width>
        <height>480</height>
        <onup>11</onup>
        <ondown>11</ondown>
        <onleft>-</onleft>
        <onright>60</onright>
        <pagecontrol>70</pagecontrol>
        <scrolltime>200</scrolltime>
        <itemlayout height="40">
          <control type="image">
            <width>1760</width>
            <height>40</height>
            <texture border="5">pstvButtonNoFocus.png</texture>
			<colordiffuse>90FFFFFF</colordiffuse>
          </control>
          <control type="label">
            <posx>200</posx>
            <width>400</width>
            <height>40</height>
            <font>Size26</font>
            <align>right</align>
            <aligny>center</aligny>
            <textcolor>Grey</textcolor>
            <selectedcolor>Yellow</selectedcolor>
            <info>ListItem.StartTime</info>
          </control>
          <control type="label">
            <posx>220</posx>
            <posy>0</posy>
            <width>600</width>
            <height>40</height>
            <font>Size26</font>
            <align>left</align>
            <aligny>center</aligny>
            <textcolor>Grey</textcolor>
            <selectedcolor>Yellow</selectedcolor>
            <info>ListItem.Label</info>
          </control>
		  <control type="label">
            <posx>840</posx>
            <posy>0</posy>
            <width>640</width>
            <height>40</height>
            <font>Size26</font>
            <align>left</align>
            <aligny>center</aligny>
            <textcolor>Grey</textcolor>
            <selectedcolor>Yellow</selectedcolor>
            <info>ListItem.Title</info>
          </control>
          <control type="image">
            <posx>1710</posx>
            <posy>6</posy>
            <width>30</width>
            <height>30</height>
            <texture>pvr/rec.png</texture>
			<aspectratio>keep</aspectratio>
            <visible>ListItem.IsRecording</visible>
          </control>
          <control type="label">
            <posx>1540</posx>
            <width>250</width>
            <height>40</height>
            <font>Size26</font>
            <align>center</align>
            <aligny>center</aligny>
            <textcolor>Grey</textcolor>
            <selectedcolor>Yellow</selectedcolor>
            <label>19043</label>
            <visible>ListItem.IsRecording</visible>
          </control>
          <control type="image">
            <posx>1710</posx>
            <posy>6</posy>
            <width>30</width>
            <height>30</height>
            <texture>pvr/timer.png</texture>
			<aspectratio>keep</aspectratio>
            <visible>ListItem.HasTimer + !ListItem.IsRecording</visible>
          </control>
          <control type="label">
            <posx>1540</posx>
            <width>250</width>
            <height>40</height>
            <font>Size26</font>
            <align>center</align>
            <aligny>center</aligny>
            <textcolor>White</textcolor>
            <selectedcolor>Yellow</selectedcolor>
            <label>19040</label>
            <visible>ListItem.HasTimer + !ListItem.IsRecording</visible>
          </control>
        </itemlayout>
        <focusedlayout height="120">
          <control type="image">
            <width>1760</width>
            <height>120</height>
            <texture border="5">pstvButtonFocus.png</texture>
            <colordiffuse>90777777</colordiffuse>
          </control>
          <control type="label">
            <posx>200</posx>
            <width>400</width>
            <height>40</height>
            <font>Size26</font>
            <align>right</align>
            <aligny>center</aligny>
            <textcolor>Grey</textcolor>
            <selectedcolor>Yellow</selectedcolor>
            <info>ListItem.StartTime</info>
          </control>
          <control type="label">
            <posx>220</posx>
            <posy>0</posy>
            <width>600</width>
            <height>40</height>
            <font>Size26</font>
            <align>left</align>
            <aligny>center</aligny>
            <textcolor>Grey</textcolor>
            <selectedcolor>Yellow</selectedcolor>
            <info>ListItem.Label</info>
          </control>
		  <control type="label">
            <posx>840</posx>
            <posy>0</posy>
            <width>640</width>
            <height>40</height>
            <font>Size26</font>
            <align>left</align>
            <aligny>center</aligny>
            <textcolor>Grey</textcolor>
            <selectedcolor>Yellow</selectedcolor>
            <info>ListItem.Title</info>
          </control>
          <control type="textbox">
            <description>Plot Value for TVShow</description>
            <posx>60</posx>
            <posy>40</posy>
            <width>1600</width>
            <height>70</height>
            <font>font12</font>
            <align>justify</align>
            <textcolor>White</textcolor>
            <label>$INFO[ListItem.Plot]</label>
          </control>
          <control type="image">
            <posx>1710</posx>
            <posy>6</posy>
            <width>30</width>
            <height>30</height>
            <texture>pvr/rec.png</texture>
			<aspectratio>keep</aspectratio>
            <visible>ListItem.IsRecording</visible>
          </control>
          <control type="label">
            <posx>1540</posx>
            <width>250</width>
            <height>40</height>
            <font>Size26</font>
            <align>center</align>
            <aligny>center</aligny>
            <textcolor>Grey</textcolor>
            <selectedcolor>Yellow</selectedcolor>
            <label>19043</label>
            <visible>ListItem.IsRecording</visible>
          </control>
          <control type="image">
            <posx>1710</posx>
            <posy>6</posy>
            <width>30</width>
            <height>30</height>
            <texture>pvr/timer.png</texture>
			<aspectratio>keep</aspectratio>
            <visible>ListItem.HasTimer + !ListItem.IsRecording</visible>
          </control>
          <control type="label">
            <posx>1540</posx>
            <width>250</width>
            <height>40</height>
            <font>Size26</font>
            <align>center</align>
            <aligny>center</aligny>
            <textcolor>White</textcolor>
            <selectedcolor>Yellow</selectedcolor>
            <label>31510</label>
            <visible>ListItem.HasTimer + !ListItem.IsRecording</visible>
          </control>
        </focusedlayout>
      </control>
      <control type="scrollbar" id="60">
        <posx>1780</posx>
        <posy>60</posy>
        <height>480</height>
        <onleft>11</onleft>
        <onright>-</onright>
        <showonepage>false</showonepage>
        <orientation>vertical</orientation>
      </control>
    </control>
  </control>
	</controls>
</window>
