﻿<window>
  <allowoverlay>no</allowoverlay>
  <include>OpenClose</include>
  <controls>
    <control type="group" id="250">
      <posx>110</posx>
      <control type="image" description="BG">
        <width>1700</width>
        <height>1080</height>
        <texture border="150">images/Dialog.png</texture>
        <colordiffuse>CCFFFFFF</colordiffuse>
      </control>
      <control type="image">
        <posx>1447</posx>
        <posy>160</posy>
        <width>98</width>
        <height>45</height>
        <texture>images/rightarrow.png</texture>
      </control>
      <control type="image" id="110">
        <description>Service Logo</description>
        <posx>350</posx>
        <posy>140</posy>
        <width>1000</width>
        <height>70</height>
        <aspectratio align="center">keep</aspectratio>
      </control>
      <control type="group" id="111">
        <control type="label" id="100" description="Textarea">
          <posx>150</posx>
          <posy>220</posy>
          <width>1400</width>
          <height>60</height>
          <font>size27</font>
          <textcolor>Silver</textcolor>
          <align>center</align>
          <aligny>center</aligny>
          <wrapmultiline>true</wrapmultiline>
        </control>
        <control type="image" description="linetop">
          <posx>120</posx>
          <posy>280</posy>
          <width>1460</width>
          <height>1</height>
          <texture>images/Line.png</texture>
        </control>
        <control type="image" description="linebottom">
          <posx>120</posx>
          <posy>850</posy>
          <width>1460</width>
          <height>1</height>
          <texture>images/Line.png</texture>
        </control>
        <control type="label" description="Local subtitle available">
          <posx>200</posx>
          <posy>870</posy>
          <width>1300</width>
          <height>60</height>
          <textcolor>White</textcolor>
          <label>$LOCALIZE[SCRIPT655]</label>
          <font>size33</font>
          <align>center</align>
          <wrapmultiline>true</wrapmultiline>
        </control>
      </control>
      <control type="list" id="120">
        <posx>180</posx>
        <posy>281</posy>
        <width>1360</width>
        <height>569</height>
        <onleft>60</onleft>
        <onright>150</onright>
        <onup>120</onup>
        <ondown>120</ondown>
        <viewtype label="535">list</viewtype>
        <pagecontrol>60</pagecontrol>
        <scrolltime>200</scrolltime>
        <itemlayout width="1360" height="54">
          <control type="image">
            <posx>10</posx>
            <width>33</width>
            <height>54</height>
            <aspectratio>keep</aspectratio>
            <info>Listitem.Thumb</info>
          </control>
          <control type="label">
            <posx>54</posx>
            <width>135</width>
            <height>54</height>
            <font>size27</font>
            <aligny>center</aligny>
            <textcolor>Grey</textcolor>
            <scroll>false</scroll>
            <align>left</align>
            <info>ListItem.Label</info>
          </control>
          <control type="image">
            <posx>202</posx>
            <width>24</width>
            <height>54</height>
            <aspectratio>keep</aspectratio>
            <texture>icon_cc.png</texture>
            <visible>ListItem.property(hearing_imp)</visible>
          </control>
          <control type="image">
            <posx>242</posx>
            <width>60</width>
            <height>54</height>
            <aspectratio>keep</aspectratio>
            <texture>icon_sync.png</texture>
            <visible>ListItem.property(sync)</visible>
          </control>
          <control type="label">
            <posx>315</posx>
            <width>900</width>
            <height>54</height>
            <font>size27</font>
            <aligny>center</aligny>
            <textcolor>Grey</textcolor>
            <scroll>false</scroll>
            <align>left</align>
            <info>ListItem.Label2</info>
          </control>
          <control type="image">
            <posx>1230</posx>
            <width>120</width>
            <height>54</height>
            <colordiffuse>Grey</colordiffuse>
            <aspectratio>keep</aspectratio>
            <texture>badges/$INFO[ListItem.ActualIcon].0.png</texture>
          </control>
        </itemlayout>
        <focusedlayout width="1360" height="54">
          <control type="image">
            <width>1358</width>
            <height>54</height>
            <texture border="8">Images/Buttonselect.png</texture>
            <visible>Control.HasFocus(120)</visible>
          </control>
          <control type="image">
            <posx>10</posx>
            <width>33</width>
            <height>54</height>
            <aspectratio>keep</aspectratio>
            <info>Listitem.Thumb</info>
          </control>
          <control type="label">
            <posx>54</posx>
            <width>135</width>
            <height>54</height>
            <font>size27</font>
            <aligny>center</aligny>
            <textcolor>White2</textcolor>
            <align>left</align>
            <info>ListItem.Label</info>
          </control>
          <control type="image">
            <posx>202</posx>
            <width>24</width>
            <height>54</height>
            <aspectratio>keep</aspectratio>
            <texture>icon_cc.png</texture>
            <visible>ListItem.property(hearing_imp)</visible>
          </control>
          <control type="image">
            <posx>242</posx>
            <width>60</width>
            <height>54</height>
            <aspectratio>keep</aspectratio>
            <texture>icon_sync.png</texture>
            <visible>ListItem.property(sync)</visible>
          </control>
          <control type="label">
            <posx>315</posx>
            <width>900</width>
            <height>54</height>
            <font>size27</font>
            <aligny>center</aligny>
            <textcolor>White2</textcolor>
            <align>left</align>
            <info>ListItem.Label2</info>
          </control>
          <control type="image">
            <posx>1230</posx>
            <width>120</width>
            <height>54</height>
            <aspectratio>keep</aspectratio>
            <texture>badges/$INFO[ListItem.ActualIcon].0.png</texture>
          </control>
        </focusedlayout>
      </control>
      <control type="scrollbar" id="60">
        <posx>152</posx>
        <posy>303</posy>
        <height>522</height>
        <onleft>-</onleft>
        <onright>120</onright>
        <showonepage>true</showonepage>
      </control>
    </control>
    <control type="group" id="250">
      <posx>-60</posx>
      <posy>90</posy>
      <animation effect="slide" start="0,0" end="-450,0" time="400" reversible="true" condition="Control.HasFocus(150) | Control.HasFocus(122)">Conditional</animation>
      <control type="image" description="BG">
        <posx>1827</posx>
        <posy>45</posy>
        <width>708</width>
        <height>810</height>
        <texture border="150">images/Dialog.png</texture>
      </control>
      <control type="label" description="XBMC Subtitles label">
        <posx>2000</posx>
        <posy>211</posy>
        <width>360</width>
        <height>30</height>
        <label>[B]$LOCALIZE[SCRIPT760][/B]</label>
        <font>size26</font>
        <align>center</align>
        <textcolor>White</textcolor>
      </control>
      <control type="image">
        <description>separator</description>
        <posx>1975</posx>
        <posy>258</posy>
        <width>450</width>
        <height>1</height>
        <texture>images/Line.png</texture>
      </control>
      <control type="list" id="150">
        <posx>2000</posx>
        <posy>265</posy>
        <width>375</width>
        <height>442</height>
        <onleft>120</onleft>
        <onright>120</onright>
        <onup>150</onup>
        <ondown>150</ondown>
        <viewtype label="535">list</viewtype>
        <scrolltime>200</scrolltime>
        <itemlayout width="375" height="54">
          <control type="label">
            <posx>15</posx>
            <posy>0</posy>
            <width>345</width>
            <height>57</height>
            <font>size27</font>
            <aligny>center</aligny>
            <selectedcolor>Blue</selectedcolor>
            <align>left</align>
            <info>ListItem.Label</info>
            <visible>!ListItem.property(man)</visible>
          </control>
          <control type="label">
            <posx>15</posx>
            <posy>0</posy>
            <width>345</width>
            <height>57</height>
            <font>size26</font>
            <aligny>center</aligny>
            <align>left</align>
            <info>ListItem.Label</info>
            <visible>ListItem.property(man)</visible>
          </control>
        </itemlayout>
        <focusedlayout width="375" height="54">
          <control type="image">
            <posx>0</posx>
            <posy>0</posy>
            <width>375</width>
            <height>57</height>
            <texture border="8">Images/Buttonselect.png</texture>
            <visible>Control.HasFocus(150)</visible>
          </control>
          <control type="label">
            <posx>15</posx>
            <posy>0</posy>
            <width>345</width>
            <height>57</height>
            <font>size27</font>
            <aligny>center</aligny>
            <textcolor>white</textcolor>
            <selectedcolor>Blue</selectedcolor>
            <align>left</align>
            <info>ListItem.Label</info>
            <visible>!ListItem.property(man)</visible>
          </control>
          <control type="label">
            <posx>15</posx>
            <posy>0</posy>
            <width>345</width>
            <height>57</height>
            <font>size26</font>
            <textcolor>white</textcolor>
            <align>left</align>
            <aligny>center</aligny>
            <info>ListItem.Label</info>
            <visible>ListItem.property(man)</visible>
          </control>
        </focusedlayout>
      </control>
    </control>
  </controls>
</window>
