﻿<window id="125">
  <defaultcontrol always="true">2</defaultcontrol>
  <allowoverlay>yes</allowoverlay>
  <include>OpenClose</include>
  <controls>
    <control type="image">
      <posx>225</posx>
      <posy>0</posy>
      <width>1470</width>
      <height>1080</height>
      <texture border="150">images/Dialog.png</texture>
    </control>
    <control type="group">
      <posx>360</posx>
      <posy>150</posy>
      <control type="label">
        <description>header label</description>
        <posx>30</posx>
        <posy>-15</posy>
        <width>1140</width>
        <align>center</align>
        <label>[UPPERCASE]$LOCALIZE[298][/UPPERCASE] - ($INFO[Container(11).NumItems]) $LOCALIZE[31001] - $LOCALIZE[31000] ($INFO[Container(11).CurrentPage]/$INFO[Container(11).NumPages])</label>
        <font>size36</font>
      </control>
      <control type="panel" id="11">
        <posx>66</posx>
        <posy>90</posy>
        <width>1080</width>
        <height>540</height>
        <onleft>2</onleft>
        <onright>2</onright>
        <ondown>2</ondown>
        <onup>11</onup>
        <scrolltime>200</scrolltime>
        <viewtype label="536">icon</viewtype>
        <pagecontrol>-</pagecontrol>
        <orientation>vertical</orientation>
        <itemlayout height="270" width="360">
          <control type="image">
            <posx>10</posx>
            <posy>3</posy>
            <width>330</width>
            <height>210</height>
            <bordertexture border="1">images/ThumbBorder2.png</bordertexture>
            <bordersize>4</bordersize>
            <aspectratio>scale</aspectratio>
            <info>ListItem.Icon</info>
          </control>
          <control type="label">
            <posx>168</posx>
            <posy>225</posy>
            <width>338</width>
            <height>22</height>
            <align>center</align>
            <font>size26</font>
            <info>ListItem.Label</info>
          </control>
        </itemlayout>
        <focusedlayout height="270" width="360">
          <control type="image">
            <posx>10</posx>
            <posy>3</posy>
            <width>330</width>
            <height>210</height>
            <bordertexture border="1">images/ThumbBorder3.png</bordertexture>
            <bordersize>4</bordersize>
            <info>ListItem.Icon</info>
            <aspectratio>scale</aspectratio>
          </control>
          <control type="label">
            <posx>168</posx>
            <posy>225</posy>
            <width>338</width>
            <height>22</height>
            <align>center</align>
            <font>size26</font>
            <info>ListItem.Label</info>
          </control>
        </focusedlayout>
      </control>
      <control type="grouplist" id="9000">
        <posx>30</posx>
        <posy>690</posy>
        <width>1140</width>
        <height>75</height>
        <itemgap>30</itemgap>
        <align>center</align>
        <orientation>horizontal</orientation>
        <onleft>9000</onleft>
        <onright>9000</onright>
        <onup>11</onup>
        <ondown>11</ondown>
        <control type="button" id="2">
          <description>Create Bookmark button</description>
          <label>294</label>
          <width>375</width>
          <texturenofocus border="8">images/White.png</texturenofocus>
        </control>
        <control type="button" id="3">
          <description>Clear Bookmark button</description>
          <label>296</label>
          <width>375</width>
          <texturenofocus border="8">images/White.png</texturenofocus>
        </control>
        <control type="button" id="4">
          <description>Clear Bookmark button</description>
          <label>20406</label>
          <width>375</width>
          <texturenofocus border="8">images/White.png</texturenofocus>
          <visible>videoplayer.content(episodes)</visible>
        </control>
      </control>
    </control>
  </controls>
</window>
