<includes>
  <include file="Includes_Variables.xml" />
  <include file="Defaults.xml" />
  <include file="CommonViews.xml" />
  <include file="Videoviews.xml" />
  <include file="Musicviews.xml" />
  <include file="PVRviews.xml" />
  <include file="Programviews.xml" />
  <include file="Includes_Home.xml" />
  <include file="Includes_Shelf.xml" />
  <include name="VisibleFade">
    <animation effect="fade" start="0" end="100" time="200">visiblechange</animation>
  </include>
  <include name="OpenClose">
    <animation effect="fade" time="150">WindowOpen</animation>
    <animation effect="fade" time="150">WindowClose</animation>
  </include>
  <include name="DialogOpenClose">
    <animation type="WindowOpen">
      <effect type="fade" start="0" end="100" time="240" />
      <effect type="zoom" tween="cubic" easing="out" start="30" end="100" center="960,540" time="240" />
    </animation>
    <animation type="WindowClose">
      <effect type="fade" start="100" end="0" time="140" />
      <effect type="zoom" tween="cubic" easing="in" start="100" end="30" center="960,540" time="140" />
    </animation>
  </include>
  <include name="DialogOpenCloseVisible">
    <animation type="Visible">
      <effect type="fade" start="0" end="100" time="240" />
      <effect type="zoom" tween="cubic" easing="out" start="30" end="100" center="960,340" time="240" />
    </animation>
    <animation type="Hidden">
      <effect type="fade" start="100" end="0" time="140" />
      <effect type="zoom" tween="cubic" easing="in" start="100" end="30" center="960,340" time="140" />
    </animation>
  </include>
  <include name="Fanart_Fade">
    <fadetime>320</fadetime>
    <animation effect="fade" time="320">Visible</animation>
    <animation effect="fade" time="280">Hidden</animation>
  </include>
  <include name="Icon_Fade">
    <fadetime>200</fadetime>
    <animation effect="fade" time="200">Visible</animation>
    <animation effect="fade" time="100">Hidden</animation>
  </include>
  <include name="HiddenButton">
    <posx>-30</posx>
    <posy>-30</posy>
    <width>1</width>
    <height>1</height>
    <label>-</label>
    <texturenofocus>-</texturenofocus>
    <texturefocus>-</texturefocus>
  </include>
  <include name="Heading">
    <posx>330</posx>
    <posy>0</posy>
    <align>center</align>
    <aligny>center</aligny>
    <width>1260</width>
    <height>75</height>
    <textcolor>White</textcolor>
    <font>size42</font>
  </include>
  <include name="HeadingL">
    <posx>60</posx>
    <posy>20</posy>
    <align>left</align>
    <aligny>center</aligny>
    <width>1260</width>
    <height>45</height>
    <textcolor>White</textcolor>
    <font>size42</font>
  </include>
  <include name="HeadingR">
    <posx>960</posx>
    <posy>60</posy>
    <width>930</width>
    <height>75</height>
    <align>center</align>
    <aligny>bottom</aligny>
    <textcolor>White</textcolor>
    <font>size42</font>
  </include>
  <include name="Dimensions_Fullscreen">
    <posx>0</posx>
    <posy>0</posy>
    <width>1920</width>
    <height>1080</height>
  </include>
  <include name="Header">
    <control type="group">
      <visible>![Window.IsActive(home) | Window.IsActive(LoginScreen.xml)]</visible>
      <control type="label" description="Clock other windows">
        <visible>!Skin.HasSetting(HideClock)</visible>
        <posx>30r</posx>
        <posy>3</posy>
        <width>195</width>
        <height>75</height>
        <align>right</align>
        <aligny>center</aligny>
        <font>size30</font>
        <textcolor>White</textcolor>
        <label>$INFO[System.Time]</label>
      </control>
      <control type="label" description="ROOTLABEL">
        <align>center</align>
        <aligny>center</aligny>
        <width>1920</width>
        <height>75</height>
        <textcolor>White</textcolor>
        <font>size42</font>
        <label>$VAR[RootLabel]</label>
      </control>
    </control>
  </include>
  <include name="WindowsTopInfos">
    <control type="group">
	<control type="image">
	<visible>System.InternetState + !Skin.HasSetting(hideconnection)</visible>
	<posx>55r</posx>
	<width>30</width>
	<height>75</height>
	<texture>wireless.png</texture>
	</control>
	<control type="image">
	<visible>!System.InternetState + !Skin.HasSetting(hideconnection)</visible>
	<posx>55r</posx>
	<width>30</width>
	<height>75</height>
	<texture>wireless.png</texture>
	<colordiffuse>44FFFFFF</colordiffuse>
	</control>
      <control type="label" description="Clock">
        <visible>!Skin.HasSetting(HideClock)</visible>
        <posx>60r</posx>
        <width>195</width>
        <height>75</height>
        <align>right</align>
        <aligny>center</aligny>
        <font>size30</font>
      <textcolor>White</textcolor>
        <label>$INFO[System.Time]</label>
      </control>
    </control>
    <control type="grouplist">
      <visible>![Control.IsVisible(52) |Control.IsVisible(53) | Control.IsVisible(54) | Control.IsVisible(55) | Control.IsVisible(56) | Control.IsVisible(57) | Control.IsVisible(58) | Control.IsVisible(59) | Control.IsVisible(500) | Control.IsVisible(510) | Control.IsVisible(501) | Control.IsVisible(502) | [Window.IsActive(myPVR) + Control.IsVisible(10)] | [Window.IsActive(myPVR) + Control.IsVisible(14)]]</visible>
      <posx>990</posx>
      <posy>60</posy>
      <width>940</width>
      <height>75</height>
      <align>center</align>
      <aligny>bottom</aligny>
      <orientation>horizontal</orientation>
      <control type="label" id="7777" description="Heading">
        <width min="60" max="750">auto</width>
        <height>75</height>
        <font>Size42</font>
        <textcolor>White</textcolor>
        <scroll>false</scroll>
        <label>$VAR[RootLabel]</label>
      </control>
      <control type="label" description="Number of files">
        <visible>!IsEmpty(Control.GetLabel(7777))</visible>
        <width min="60" max="120">auto</width>
        <height>81</height>
        <font>size26</font>
        <textcolor>Grey</textcolor>
        <label>$INFO[Container.NumItems,  (,)]</label>
      </control>
    </control>
    <control type="grouplist">
      <visible>Control.IsVisible(52) | Control.IsVisible(53) | Control.IsVisible(54) | Control.IsVisible(56) | Control.IsVisible(57) | Control.IsVisible(58) | Control.IsVisible(59) | Control.IsVisible(500) | Control.IsVisible(501) | Control.IsVisible(510) | Control.IsVisible(502) | [Window.IsActive(myPVR) + Control.IsVisible(10)] | [Window.IsActive(myPVR) + Control.IsVisible(14)]</visible>
      <posx>33</posx>
      <posy>0</posy>
      <width>1230</width>
      <height>75</height>
      <align>left</align>
      <aligny>bottom</aligny>
      <orientation>horizontal</orientation>
      <control type="label" id="7777" description="Heading">
        <width min="60" max="1080">auto</width>
        <height>75</height>
        <font>size42</font>
        <textcolor>White</textcolor>
        <scroll>false</scroll>
        <label>$VAR[RootLabel]</label>
      </control>
      <control type="label" description="Number of files">
        <visible>!IsEmpty(Control.GetLabel(7777))</visible>
        <width min="60" max="120">auto</width>
        <height>81</height>
        <font>size26</font>
        <textcolor>Grey</textcolor>
        <label>$INFO[Container.NumItems,  (,)]</label>
      </control>
    </control>
    <control type="group" description="Scroll letter">
      <visible>Container.Scrolling + !Control.IsVisible(53) + !Control.IsVisible(500)</visible>
      <animation effect="fade" start="0" end="100" time="50" delay="0" reversible="false">Visible</animation>
      <animation effect="fade" start="100" end="0" time="150" delay="250" reversible="false">Hidden</animation>
      <control type="image">
        <posx>1388</posx>
        <posy>975</posy>
        <width>81</width>
        <height>81</height>
        <texture border="12">images/SortLetterBG.png</texture>
      </control>
      <control type="label">
        <posx>1388</posx>
        <posy>975</posy>
        <width>81</width>
        <height>81</height>
        <align>center</align>
        <font>size38</font>
        <label>$INFO[ListItem.SortLetter]</label>
      </control>
    </control>
    <control type="group" description="Scroll letter">
      <visible>Container.Scrolling + Control.IsVisible(500) + Control.HasFocus(60)</visible>
      <animation effect="fade" start="0" end="100" time="50" delay="0" reversible="false">Visible</animation>
      <animation effect="fade" start="100" end="0" time="150" delay="250" reversible="false">Hidden</animation>
      <control type="image">
        <posx>920</posx>
        <posy>975</posy>
        <width>81</width>
        <height>81</height>
        <texture border="12">images/SortLetterBG.png</texture>
      </control>
      <control type="label">
        <posx>920</posx>
        <posy>975</posy>
        <width>81</width>
        <height>81</height>
        <align>center</align>
        <font>size38</font>
        <label>$INFO[ListItem.SortLetter]</label>
      </control>
    </control>
    <control type="group" description="Scroll letter">
      <visible>Container.Scrolling + Control.IsVisible(53)</visible>
      <animation effect="fade" start="0" end="100" time="50" delay="0" reversible="false">Visible</animation>
      <animation effect="fade" start="100" end="0" time="150" delay="250" reversible="false">Hidden</animation>
      <control type="image">
        <posx>1800</posx>
        <posy>499</posy>
        <width>81</width>
        <height>81</height>
        <texture border="12">images/SortLetterBG.png</texture>
      </control>
      <control type="label">
        <posx>1800</posx>
        <posy>499</posy>
        <width>81</width>
        <height>81</height>
        <align>center</align>
        <font>size38</font>
        <label>$INFO[ListItem.SortLetter]</label>
      </control>
    </control>
    
    <!--DA FARE-->
    <control type="group" description="Player Info">
      <visible>!Control.HasFocus(340) + Player.HasMedia + ![Window.IsActive(DialogBusy.xml) | Window.IsActive(VideoFullscreen.xml) | Window.IsActive(myPVR.xml)]</visible>
      <visible>!IntegerGreaterThan(Player.Time,8) | !IntegerGreaterThan(Player.TimeRemaining,8)</visible>
      <include>VisibleFade</include>
      <posx>15</posx>
      <posy>960</posy>
      <control type="image" description="Playing BG">
        <width>390</width>
        <height>105</height>
        <texture border="14">musicOSD/back.png</texture>
      </control>
      <control type="group">
        <control type="image">
          <posx>15</posx>
          <posy>15</posy>
          <width>75</width>
          <height>75</height>
          <texture>$INFO[MusicPlayer.Cover]</texture>
          <aspectratio>keep</aspectratio>
        </control>
        <control type="image">
          <posx>15</posx>
          <posy>15</posy>
          <width>75</width>
          <height>75</height>
          <texture>$INFO[VideoPlayer.Cover]</texture>
          <aspectratio>keep</aspectratio>
        </control>
        <control type="label">
          <posx>105</posx>
          <posy>9</posy>
          <aligny>center</aligny>
          <width>261</width>
          <height>36</height>
          <font>size24</font>
          <textcolor>White</textcolor>
          <label>$INFO[MusicPlayer.Title]</label>
        </control>
        <control type="label">
          <posx>105</posx>
          <posy>36</posy>
          <aligny>center</aligny>
          <width>261</width>
          <height>36</height>
          <font>size21</font>
          <label>$INFO[MusicPlayer.Artist]</label>
        </control>
        <control type="label">
          <posx>105</posx>
          <posy>60</posy>
          <aligny>center</aligny>
          <width>261</width>
          <height>36</height>
          <font>size21</font>
          <label>$INFO[MusicPlayer.Album]</label>
        </control>
        <control type="label">
          <posx>105</posx>
          <posy>9</posy>
          <aligny>center</aligny>
          <width>261</width>
          <height>36</height>
          <font>size24</font>
          <textcolor>White</textcolor>
          <label>$INFO[VideoPlayer.Title]</label>
        </control>
        <control type="label">
          <posx>105</posx>
          <posy>36</posy>
          <aligny>center</aligny>
          <width>261</width>
          <height>36</height>
          <font>size21</font>
          <label>$INFO[VideoPlayer.Artist]</label>
        </control>
        <control type="label">
          <posx>105</posx>
          <posy>60</posy>
          <aligny>center</aligny>
          <width>261</width>
          <height>36</height>
          <font>size21</font>
          <label>$INFO[VideoPlayer.Album]</label>
        </control>
      </control>
    </control>
  </include>
  <include name="OSDbarIcons">
    <width>68</width>
    <height>68</height>
    <aspectratio aligny="center" align="left">keep</aspectratio>
  </include>
  <include name="OSDbarIcons3D">
    <width>34</width>
    <height>68</height>
    <aspectratio aligny="center" align="left">stretch</aspectratio>
  </include>
  <include name="SeekbarLabels">
    <posx>0</posx>
    <posy>0</posy>
    <height>75</height>
    <width>1920</width>
    <align>center</align>
    <font>size36B</font>
    <textcolor>White</textcolor>
    <shadowcolor>Black</shadowcolor>
    <animation effect="fade" time="200">VisibleChange</animation>
  </include>
  <include name="Backgroundcolor">
    <control type="image" description="Default BG">
      <width>1920</width>
      <height>1080</height>
      <texture>images/BGcolor.png</texture>
    </control>
  </include>  
  <include name="PVRinfos">
      <control type="image">
        <description>background image</description>
        <posx>-170</posx>
        <posy>-150</posy>
        <width>1460</width>
        <height>800</height>
        <texture border="150">images/Dialog.png</texture>
        <visible>![Window.IsVisible(FullscreenVideo) | Window.IsVisible(Visualisation)]</visible>
      </control>
	  <control type="image">
          <posy>110</posy>
          <width>1160</width>
          <height>1</height>
          <texture>lines/Line.png</texture>
        </control>
        <control type="image">
          <posx>0</posx>
          <posy>370</posy>
          <width>1160</width>
          <height>1</height>
          <texture>lines/Line.png</texture>
        </control>
      <control type="label">
        <description>header label</description>
        <posx>20</posx>
        <posy>0</posy>
        <width>1100</width>
        <height>30</height>
        <font>size26</font>
        <label>$LOCALIZE[19047]</label>
        <align>center</align>
        <aligny>center</aligny>
        <textcolor>White</textcolor>
      </control>
      <control type="label">
        <description>Title label</description>
        <posx>20</posx>
        <posy>40</posy>
        <width>1100</width>
        <height>30</height>
        <font>size33B</font>
        <label>$INFO[ListItem.Title]</label>
        <align>center</align>
        <aligny>center</aligny>
        <textcolor>Yellow</textcolor>
        <shadowcolor>black</shadowcolor>
      </control>
      <control type="label">
        <description>Start time</description>
        <posx>20</posx>
        <posy>75</posy>
        <width>1100</width>
        <height>25</height>
        <align>center</align>
        <aligny>center</aligny>
        <font>Size26</font>
        <textcolor>Grey</textcolor>
        <label>$LOCALIZE[142] $INFO[ListItem.StartTime]</label>
      </control>
      <control type="textbox" id="400">
        <description>Plot value</description>
        <posx>20</posx>
        <posy>110</posy>
        <width>1080</width>
        <height>260</height>
        <font>size26</font>
        <align>justify</align>
        <textcolor>white</textcolor>
        <pagecontrol>-</pagecontrol>
        <label fallback="161">$INFO[ListItem.Plot]</label>
      </control>
      <control type="label">
        <description>Duration</description>
        <posx>60</posx>
        <posy>390</posy>
        <width>1000</width>
        <height>25</height>
        <align>center</align>
        <font>size26</font>
        <textcolor>Grey</textcolor>
        <label>$LOCALIZE[552]: $INFO[ListItem.StartDate] / $LOCALIZE[19148]: $INFO[ListItem.ChannelName]</label>
      </control>
      <control type="label">
        <description>Duration</description>
        <posx>60</posx>
        <posy>420</posy>
        <width>1000</width>
        <height>25</height>
        <align>center</align>
        <font>size26</font>
        <textcolor>Grey</textcolor>
        <label>$LOCALIZE[180]: $INFO[ListItem.Duration] / $LOCALIZE[135]: $INFO[ListItem.Genre]</label>
      </control>
  </include>
  <include name="User">
  <control type="group">
    <control type="image">
      <posy>1000</posy>
      <posx>10</posx>
      <width>80</width>
      <height>80</height>
      <texture>$INFO[System.ProfileThumb]</texture>
      <aspectratio>stretch</aspectratio>
    </control>
	<control type="label">
      <posy>1000</posy>
      <posx>100</posx>
      <width>1800</width>
      <height>80</height>
      <label>$INFO[System.ProfileName]</label>
    </control>
	</control>
	</include>
</includes>
