<addon id="skin.sio2xios" version="0.1.2" name="SiO2-X iOS7" provider-name="iCanuck">
  <requires>
    <import addon="xbmc.gui" version="4.0.0"/>
    <import addon="service.skin.widgets" version="0.0.13"/>
	<import addon="script.cinema.experience" version="3.0.3"/>
  </requires>
  <extension
    point="xbmc.gui.skin"
	defaultresolution="1080i"
    defaultthemename="Textures.xbt"
    debugging="false">
  </extension>
  <extension point="xbmc.addon.metadata">
    <platform>all</platform>
    <description>If you like Apple "everything at hand" policy for interfaces, You might want to give this Skin a try. I designed it trying to put as few clicks as possible between You and what You're trying to do (or watch ;) ).[CR] Thanks to testers and Inspirers: Toiva, Scrolling, Abrasher, Lucanoid, Relyter.</description>
	<!--summary lang="ar">A simple and handy Skin visually based on AppleTv</summary>
    <summary lang="be">A simple and handy Skin visually based on AppleTv</summary>
    <summary lang="bg">A simple and handy Skin visually based on AppleTv</summary>
    <summary lang="ca">Una Skin simple i pràctic basat en AppleTV</summary>
    <summary lang="cs">Jednoduchý a praktický kůže na základě AppleTV</summary>
    <summary lang="da">En enkel og handy Skin baseret på AppleTV</summary>
    <summary lang="de">Eine einfache und handliche Skin on AppleTv Basis</summary>
    <summary lang="el">Ένα απλό και εύχρηστο δέρματος με βάση AppleTV</summary>
    <summary lang="en">A simple and handy visually Skin based on AppleTv</summary>
    <summary lang="es">Una Skin simple y práctica basada en AppleTv</summary>
    <summary lang="et">Lihtne ja mugav Naha põhineb AppleTV</summary>
    <summary lang="fi">Yksinkertainen ja kätevä Skin perustuvat AppleTV</summary>
    <summary lang="fr">Une Skin simple et pratique basée sur AppleTv</summary>
    <summary lang="gl">A pel simple e accesible con base na AppleTV</summary>
    <summary lang="he">עור פשוט ושימושי המבוסס על AppleTV</summary>
    <summary lang="hr">Jednostavan i praktičan Skin temelji se na AppleTV</summary>
    <summary lang="hu">Egy egyszerű és praktikus Skin alapuló AppleTV</summary>
    <summary lang="is">A einfaldur og vel Skin byggir á AppleTv</summary>
    <summary lang="it">Una Skin semplice e pratica basata su AppleTV</summary>
    <summary lang="ja">AppleTVのに基づいて、シンプルかつ便利なスキン</summary>
    <summary lang="km">A simple and handy Skin visually based on AppleTv</summary>
    <summary lang="ko">AppleTV에서 기반 간단하고 편리 스킨</summary>
    <summary lang="lt">Paprasta ir patogu Skin remiantis AppleTV</summary>
    <summary lang="mk">A simple and handy Skin visually based on AppleTv</summary>
    <summary lang="nl">Een eenvoudige en handige Skin op basis van AppleTV</summary>
    <summary lang="no">En enkel og praktisk Skin basert på AppleTV</summary>
    <summary lang="pl">Proste i wygodne skóry oparta na AppleTV</summary>
    <summary lang="pt">A Skin simples e acessível com base na AppleTV</summary>
    <summary lang="ro">O piele simplă și la îndemână pe AppleTV</summary>
    <summary lang="ru">Простая и удобная кожи основана на AppleTV</summary>
    <summary lang="sk">Jednoduchý a praktický kože na základe AppleTV</summary>
    <summary lang="sl">Preprost in priročen kože temelji na AppleTV</summary>
    <summary lang="sv">En enkel och praktisk hud baserad på AppleTV</summary>
    <summary lang="th">ผิวที่เรียบง่ายและมีประโยชน์จาก AppleTV</summary>
    <summary lang="tr">AppleTV dayanan basit ve kullanışlı Cilt</summary>
    <summary lang="uk">Проста і зручна шкіри заснована на AppleTV</summary>
    <summary lang="vi">Giao diện đơn giản và tiện dụng dựa trên AppleTV</summary>
    <summary lang="zh">一个简单和方便的皮肤上的AppleTV</summary-->
	
	
    <!--<description lang="ar"></description>
    <description lang="be"></description>
    <description lang="bg"></description>
    <description lang="ca"></description>
    <description lang="cs"></description>
    <description lang="da"></description>
    <description lang="de"></description>
    <description lang="el"></description>-->
    <description lang="en">If you like Apple "everything at hand" policy for interfaces, You might want to give this Skin a try. I designed it trying to put as few clicks as possible between You and what You're trying to do (or watch ;) ).[CR] Thanks to testers and Inspirers: Toiva, Scrolling, Abrasher, Lucanoid, Relyter.</description>
    <description lang="es">Si te gusta la política Apple "todo a mano" para interfaces, entonces debe darle una oportunidad a esta Skin. La diseñé tratando de poner menos clics posible entre usted y lo que estas tratando de hacer (o ver ;) ) [CR] Gracias a los probadores e inspiradores: .. Toiva, Scrolling, Abrasher, Lucanoid, Relyter.</description>
    <!--<description lang="et"></description>
    <description lang="fi"></description>-->
    <description lang="fr">Si vous aimez Apple "tout sous la main" la politique pour les interfaces, vous pourriez vouloir donner à ce thème un essai. Je l'ai conçu comme essayer de mettre quelques clics possible entre vous et ce que vous essayez de faire (ou de regarder;)) [CR] Merci aux testeurs et les inspirateurs:.. Toiva, défilement, Abrasher, Lucanoid, Relyter.</description>
    <!--<description lang="gl"></description>
    <description lang="he"></description>
    <description lang="hr"></description>
    <description lang="hu"></description>
    <description lang="is"></description>-->
    <description lang="it">Se ti piace la politica di Apple per le interfacce grafiche "tutto a portata di mano", allora dovresti provare questa Skin. L'ho progettata cercando di mettere il minor numero di click tra te e quello che stai cercando di fare (o di guardare ;) ) [CR] Grazie ai testers e agli ispiratori:.. Toiva, Scrolling, Abrasher, Lucanoid, Relyter.</description>
    <!--<description lang="ja"></description>
    <description lang="km"></description>
    <description lang="ko"></description>
    <description lang="lt"></description>
    <description lang="mk"></description>
    <description lang="nl"></description>
    <description lang="no"></description>-->
    <description lang="pl">Jeżeli Wam się podoba podejście Apple Inc. do interfejsów, możecie spróbować tą skórę. Zaprojektowałem ją próbując maksymalnie ułatwić użytkownikom dostęp do ich mediów.[CR] Podziękowania dla testerów i pomysłodawców: Toiva, Scrolling, Abrasher, Lucanoid, Relyter.</description>
    <!--<description lang="pt"></description>
    <description lang="ro"></description>-->
    <description lang="ru">Если Вам нравится подход Apple к интерфейсам - "все под рукой", то Вам, возможно, понравится этот скин. Я сделал его, пытаясь максимально уменьшить количество кликов мышкой для выполнения вашей задачи.[CR] Спасибо для тестеров и доноров идей: Toiva, Scrolling, Abrasher, Lucanoid, Relyter.</description>
   <!-- <description lang="sk"></description>
    <description lang="sl"></description>
    <description lang="sv"></description>
    <description lang="th"></description>
    <description lang="tr"></description>
    <description lang="uk"></description>
    <description lang="vi"></description>
    <description lang="zh"></description>
	-->
	
    <disclaimer>SiO2 - X - Infos and changelog at www.XBMCHUB.com</disclaimer>
   
  </extension>
</addon>
