<window>
	<defaultcontrol always="true">20</defaultcontrol>
	<allowoverlay>no</allowoverlay>
	<include>OpenClose</include>

	<controls>
		<include>BlackBackground</include>
		<control type="image">
		<posx>960</posx>
		<width>1</width>
		<height>1080</height>
		<texture>images/LineV.png</texture>
		</control>
		<control type="image">
		<posy>80</posy>
		<width>1920</width>
		<height>1</height>
		<texture>images/Line.png</texture>
		</control>
		<control type="image">
		<posx>960</posx>
		<posy>160</posy>
		<width>960</width>
		<height>1</height>
		<texture>images/Line.png</texture>
		</control>
		<control type="image">
		<posx>960</posx>
		<posy>950</posy>
		<width>960</width>
		<height>1</height>
		<texture>images/Line.png</texture>
		</control>
		<control type="label">
			<description>header label</description>
			<posx>155</posx>
			<posy>30</posy>
			<width>1600</width>
			<height>30</height>
			<font>Size36</font>
			<textcolor>White2</textcolor>
			<label>$LOCALIZE[19199] - $LOCALIZE[19023]/$LOCALIZE[19024]</label>
			<align>center</align>
			<aligny>center</aligny>
		</control>
		<control type="scrollbar" id="60">
				<posx>60</posx>
				<posy>120</posy>
				<width>8</width>
				<height>900</height>
				<onleft>-</onleft>
				<onright>20</onright>
				<showonepage>false</showonepage>
				<orientation>vertical</orientation>
			</control>
		<control type="group">
			<posx>88</posx>
			<posy>120</posy>
			<control type="list" id="20">
			<width>802</width>
            <height>890</height>
            <onright>9002</onright>
            <onleft condition="Skin.HasSetting(Scrollbars_Active)">60</onleft>
            <onleft condition="!Skin.HasSetting(Scrollbars_Active)">-</onleft>
            <onup>20</onup>
            <ondown>20</ondown>
            <pagecontrol>60</pagecontrol>
            <scrolltime>250</scrolltime>
            <itemlayout width="802" height="81">
              <control type="label" description="Main Label">
			  <posy>6</posy>
                <width>750</width>
                <include>52MainLabel</include>
                <label>$INFO[ListItem.Label]</label>
              </control>
            </itemlayout>
            <focusedlayout width="802" height="81">
			<control type="image">
			<animation effect="fade" time="100">VisibleChange</animation>
      <posy>-18</posy>
      <width>820</width>
      <height>126</height>
      <texture border="32">images/slider.png</texture>
      <aspectratio>stretch</aspectratio>
			</control>
              <control type="label" description="Main Label">
			  <posy>6</posy>
                <width>750</width>
                <textcolor>White2</textcolor>

<include>52MainLabel</include>
                <label>$INFO[ListItem.Label]</label>
				</control>
            </focusedlayout>
			</control>
			</control>
		<control type="group" id="9002">
			<control type="grouplist">
				<posx>1020</posx>
				<posy>100</posy>
				<height>900</height>
				<onright>-</onright>
				<onleft>20</onleft>
				<ondown>9000</ondown>
				<aligny>center</aligny>
				<control type="label">
					<description>channel options Header</description>
					<width>740</width>
					<height>60</height>
					<font>Size36B</font>
					<label>$LOCALIZE[33063]</label>
					<align>center</align>
					<aligny>center</aligny>
					<textcolor>Yellow</textcolor>
				</control>
				<control type="radiobutton" id ="7">
					<description>Channel activated</description>
					<width>740</width>
					<height>60</height>
					<font>Size26</font>
					<align>left</align>
					<aligny>center</aligny>
					<label>19074</label>
				</control>
				<control type="edit" id ="8">
					<description>Channel name</description>
					<width>740</width>
					<height>60</height>
					<font>Size26</font>
					<label>19201</label>
				</control>
				<control type="button" id ="9">
					<description>Channel logo Button</description>
					<width>740</width>
					<height>60</height>
					<font>Size26</font>
					<label>19202</label>
				</control>
				<control type="image" id ="10">
					<description>Current Channel Icon</description>
					<width>740</width>
					<height>60</height>
					<aspectratio>keep</aspectratio>
					<info>ListItem.Property(Icon)</info>
				</control>
				<control type="radiobutton" id ="12">
					<description>EPG activated</description>
					<width>740</width>
					<height>60</height>
					<font>Size26</font>
					<align>left</align>
					<aligny>center</aligny>
					<pulseonselect>no</pulseonselect>
					<label>19206</label>
				</control>
				<control type="spincontrolex" id ="13">
					<description>EPG source</description>
					<width>740</width>
					<height>60</height>
					<font>Size26</font>
					<label>19200</label>
				</control>
				<control type="radiobutton" id ="14">
					<description>Parental locked</description>
					<width>740</width>
					<height>60</height>
					<font>Size26</font>
					<align>left</align>
					<aligny>center</aligny>
					<pulseonselect>no</pulseonselect>
					<label>19267</label>
				</control>
				<control type="button" id ="30">
					<description>Group Manager Button</description>
					<width>740</width>
					<height>60</height>
					<font>Size26</font>
					<align>center</align>
					<label>19205</label>
				</control>
				<control type="button" id ="34">
					<description>TV/Radio Button</description>
					<width>740</width>
					<height>60</height>
					<font>Size26</font>
					<align>center</align>
					<label>$LOCALIZE[19023] / $LOCALIZE[19024]</label>
				</control>
				<control type="button" id ="31">
					<description>Edit channel Button</description>
					<width>740</width>
					<height>60</height>
					<font>Size26</font>
					<align>center</align>
					<label>19203</label>
				</control>
				<control type="button" id ="32">
					<description>Delete channel Button</description>
					<width>740</width>
					<height>60</height>
					<font>Size26</font>
					<align>center</align>
					<label>19211</label>
				</control>
				<control type="button" id ="33">
					<description>New channel Button</description>
					<width>740</width>
					<height>60</height>
					<font>Size26</font>
					<align>center</align>
					<label>19204</label>
				</control>
		</control>
		</control>
		<control type="grouplist" id="9000">
			<posx>910</posx>
			<posy>960</posy>
			<width>960</width>
			<align>center</align>
			<orientation>Horizontal</orientation>
			<onup>9002</onup>
			<control type="button" id ="4">
				<description>OK Button</description>
				<width>200</width>
				<height>60</height>
				<label>186</label>
				<font>Size26</font>
				<align>center</align>
				<aligny>center</aligny>
			</control>
			<control type="button" id ="5">
				<description>Apply changes Button</description>
				<width>300</width>
				<height>60</height>
				<label>14070</label>
				<font>Size26</font>
				<align>center</align>
				<aligny>center</aligny>
			</control>
			<control type="button" id ="6">
				<description>Cancel Button</description>
				<width>200</width>
				<height>60</height>
				<label>222</label>
				<font>Size26</font>
				<align>center</align>
				<aligny>center</aligny>
				
			</control>
		</control>
	</controls>
</window>
