﻿<window id="106">
  <defaultcontrol always="true">996</defaultcontrol>
  <allowoverlay>no</allowoverlay>
  <include>DialogOpenClose</include>
  <coordinates>
    <system>1</system>
    <origin x="560" y="20" />
  </coordinates>
  <controls>
    <control type="image" id="999" description="Background image">
      <height>1260</height>
      <width>780</width>
      <texture border="150">images/Dialog.png</texture>
    </control>
    <control type="grouplist" id="996" description="Context menu container">
      <posx>150</posx>
      <posy>150</posy>
      <width>480</width>
      <height max="960">auto</height>
      <itemgap>3</itemgap>
	  <control type="button" id="1500">
	  <visible>System.HasAddon(script.cinema.experience) + Container.Content(Movies)</visible>
	<posx>-</posx>
      <posy>-</posy>
      <width>480</width>
      <height>60</height>
      <focusedcolor>White2</focusedcolor>
      <texturefocus>images/WhiteButton.png</texturefocus>
      <texturenofocus>-</texturenofocus>
	<label>Cinema</label>
	<onclick>XBMC.RunScript(script.cinema.experience)</onclick>
	</control>
    </control>
    <control type="button" id="1000" description="Buttons">
      <posx>150</posx>
      <posy></posy>
      <width>480</width>
      <height>60</height>
      <focusedcolor>White2</focusedcolor>
      <texturefocus>images/WhiteButton.png</texturefocus>
      <texturenofocus>-</texturenofocus>
    </control>
	
  </controls>
</window>
