<fonts>
  <fontset id="Default" unicode="true">
    <!--Fonts for GeneralAddons-->
    <font>
      <name>font10</name>
      <filename>Default.ttf</filename>
      <size>21</size>
    </font>
	<font>
      <name>font13</name>
      <filename>Default.ttf</filename>
      <size>21</size>
    </font>
    <font>
      <name>font14</name>
      <filename>Default.ttf</filename>
      <size>21</size>
    </font>
    <font>
      <name>font12</name>
      <filename>Default.ttf</filename>
      <size>21</size>
    </font>
    <font>
      <name>Size26B</name>
      <filename>Default.ttf</filename>
      <size>26</size>
      <style>bold</style>
    </font>
    <font>
      <name>special13</name>
      <filename>Default.ttf</filename>
      <size>21</size>
    </font>
    <!-- End of GeneralAddons fonts -->
    <font>
      <name>XS</name>
      <filename>Default.ttf</filename>
      <size>18</size>
    </font>
	<font>
      <name>size21</name>
      <filename>Default.ttf</filename>
      <size>21</size>
    </font>
    <font>
      <name>size22</name>
      <filename>Default.ttf</filename>
      <size>22</size>
    </font>
    <font>
      <name>size24</name>
      <filename>Default.ttf</filename>
      <size>24</size>
    </font>
	<font>
      <name>size24B</name>
      <filename>Default.ttf</filename>
      <size>24</size>
	  <style>bold</style>
    </font>
    <font>
      <name>size26</name>
      <filename>Default.ttf</filename>
      <size>26</size>
    </font>
    <font>
      <name>size26B</name>
      <filename>Default.ttf</filename>
      <size>26</size>
      <style>bold</style>
    </font>
    <font>
      <name>size27</name>
      <filename>Default.ttf</filename>
      <size>27</size>
    </font>
    <font>
      <name>size28</name>
      <filename>Default.ttf</filename>
      <size>28</size>
    </font>
    <font>
      <name>size30</name>
      <filename>Default.ttf</filename>
      <size>30</size>
    </font>
    <font>
      <name>size30B</name>
      <filename>Default.ttf</filename>
      <size>30</size>
      <style>bold</style>
    </font>
    <font>
      <name>size31</name>
      <filename>Default.ttf</filename>
      <size>31</size>
    </font>	
    <font>
      <name>size33</name>
      <filename>Default.ttf</filename>
      <size>33</size>
    </font>
    <font>
      <name>size33B</name>
      <filename>Default.ttf</filename>
      <size>33</size>
      <style>bold</style>
    </font>
    <font>
      <name>size34</name>
      <filename>Default.ttf</filename>
      <size>34</size>
    </font>
    <font>
      <name>size36</name>
      <filename>Default.ttf</filename>
      <size>36</size>
    </font>
    <font>
      <name>size36B</name>
      <filename>Default.ttf</filename>
      <size>36</size>
      <style>bold</style>
    </font>
    <font>
      <name>size38</name>
      <filename>Default.ttf</filename>
      <size>38</size>
    </font>
    <font>
      <name>size39</name>
      <filename>Default.ttf</filename>
      <size>39</size>
    </font>
    <font>
      <name>size39B</name>
      <filename>Default.ttf</filename>
      <size>39</size>
      <style>bold</style>
    </font>
    <font>
      <name>size42</name>
      <filename>Default.ttf</filename>
      <size>42</size>
    </font>
    <font>
      <name>size42B</name>
      <filename>Default.ttf</filename>
      <size>42</size>
      <style>bold</style>
    </font>
    <font>
      <name>size46</name>
      <filename>Strong.ttf</filename>
      <size>46</size>
    </font>		
    <font>
      <name>size60B</name>
      <filename>Default.ttf</filename>
      <size>60</size>
      <style>bold</style>
    </font>
    <font>
      <name>size212</name>
      <filename>Default.ttf</filename>
      <size>142</size>
      <style>bold</style>
    </font>
  </fontset>
  <fontset id="Strong" unicode="true">
    <font>
      <name>font13</name>
      <filename>Strong.ttf</filename>
      <size>21</size>
    </font>
	<font>
      <name>size21</name>
      <filename>Strong.ttf</filename>
      <size>21</size>
    </font>
    <font>
      <name>size22</name>
      <filename>Strong.ttf</filename>
      <size>22</size>
    </font>
    <font>
      <name>size24</name>
      <filename>Strong.ttf</filename>
      <size>24</size>
    </font>
	<font>
      <name>size24B</name>
      <filename>Strong.ttf</filename>
      <size>24</size>
	  <style>bold</style>
    </font>
    <font>
      <name>size26</name>
      <filename>Strong.ttf</filename>
      <size>26</size>
    </font>
    <font>
      <name>size27</name>
      <filename>Strong.ttf</filename>
      <size>27</size>
    </font>
    <font>
      <name>size28</name>
      <filename>Strong.ttf</filename>
      <size>28</size>
    </font>
    <font>
      <name>size30</name>
      <filename>Strong.ttf</filename>
      <size>30</size>
    </font>
    <font>
      <name>size33</name>
      <filename>Strong.ttf</filename>
      <size>33</size>
    </font>
    <font>
      <name>size33B</name>
      <filename>Strong.ttf</filename>
      <size>33</size>
      <style>bold</style>
    </font>
    <font>
      <name>size34</name>
      <filename>Strong.ttf</filename>
      <size>34</size>
    </font>
    <font>
      <name>size36</name>
      <filename>Strong.ttf</filename>
      <size>36</size>
    </font>
    <font>
      <name>size36B</name>
      <filename>Strong.ttf</filename>
      <size>36</size>
      <style>bold</style>
    </font>
    <font>
      <name>size38</name>
      <filename>Strong.ttf</filename>
      <size>38</size>
    </font>
    <font>
      <name>size39</name>
      <filename>Strong.ttf</filename>
      <size>39</size>
    </font>
    <font>
      <name>size39B</name>
      <filename>Strong.ttf</filename>
      <size>39</size>
      <style>bold</style>
    </font>
    <font>
      <name>size28</name>
      <filename>Strong.ttf</filename>
      <size>42</size>
    </font>
    <font>
      <name>size42B</name>
      <filename>Strong.ttf</filename>
      <size>42</size>
      <style>bold</style>
    </font>
    <font>
      <name>size60B</name>
      <filename>Strong.ttf</filename>
      <size>60</size>
      <style>bold</style>
    </font>
    <font>
      <name>size212</name>
      <filename>Strong.ttf</filename>
      <size>142</size>
      <style>bold</style>
    </font>
  </fontset>
  <fontset id="Light" unicode="true">
  <font>
      <name>font13</name>
      <filename>Light.ttf</filename>
      <size>21</size>
    </font>
    <font>
      <name>size21</name>
      <filename>Light.ttf</filename>
      <size>21</size>
    </font>
    <font>
      <name>size22</name>
      <filename>Light.ttf</filename>
      <size>22</size>
    </font>
    <font>
      <name>size24</name>
      <filename>Light.ttf</filename>
      <size>24</size>
    </font>
	<font>
      <name>size24B</name>
      <filename>Light.ttf</filename>
      <size>24</size>
	  <style>bold</style>
    </font>
    <font>
      <name>size26</name>
      <filename>Light.ttf</filename>
      <size>26</size>
    </font>
    <font>
      <name>size27</name>
      <filename>Light.ttf</filename>
      <size>27</size>
    </font>
    <font>
      <name>size28</name>
      <filename>Light.ttf</filename>
      <size>28</size>
    </font>
    <font>
      <name>size30</name>
      <filename>Light.ttf</filename>
      <size>30</size>
    </font>
    <font>
      <name>size33</name>
      <filename>Light.ttf</filename>
      <size>33</size>
    </font>
    <font>
      <name>size33B</name>
      <filename>Light.ttf</filename>
      <size>33</size>
      <style>bold</style>
    </font>
    <font>
      <name>size34</name>
      <filename>Light.ttf</filename>
      <size>34</size>
    </font>
    <font>
      <name>size36</name>
      <filename>Light.ttf</filename>
      <size>36</size>
    </font>
    <font>
      <name>size36B</name>
      <filename>Light.ttf</filename>
      <size>36</size>
      <style>bold</style>
    </font>
    <font>
      <name>size38</name>
      <filename>Light.ttf</filename>
      <size>38</size>
    </font>
    <font>
      <name>size39</name>
      <filename>Light.ttf</filename>
      <size>39</size>
    </font>
    <font>
      <name>size39B</name>
      <filename>Light.ttf</filename>
      <size>39</size>
      <style>bold</style>
    </font>
    <font>
      <name>size28</name>
      <filename>Light.ttf</filename>
      <size>42</size>
    </font>
    <font>
      <name>size42B</name>
      <filename>Light.ttf</filename>
      <size>42</size>
      <style>bold</style>
    </font>
    <font>
      <name>size60B</name>
      <filename>Light.ttf</filename>
      <size>60</size>
      <style>bold</style>
    </font>
    <font>
      <name>size212</name>
      <filename>Light.ttf</filename>
      <size>142</size>
      <style>bold</style>
    </font>
  </fontset>
  <fontset id="Arial" idloc="31026" unicode="true">
  <font>
      <name>font13</name>
      <filename>arial.ttf</filename>
      <size>21</size>
    </font>
    <font>
      <name>size21</name>
      <filename>arial.ttf</filename>
      <size>21</size>
    </font>
    <font>
      <name>size22</name>
      <filename>arial.ttf</filename>
      <size>22</size>
    </font>
    <font>
      <name>size24</name>
      <filename>arial.ttf</filename>
      <size>24</size>
    </font>
	<font>
      <name>size24B</name>
      <filename>arial.ttf</filename>
      <size>24</size>
	  <style>bold</style>
    </font>
    <font>
      <name>size26</name>
      <filename>arial.ttf</filename>
      <size>26</size>
    </font>
    <font>
      <name>size27</name>
      <filename>arial.ttf</filename>
      <size>27</size>
    </font>
    <font>
      <name>size28</name>
      <filename>arial.ttf</filename>
      <size>28</size>
    </font>
    <font>
      <name>size30</name>
      <filename>arial.ttf</filename>
      <size>30</size>
    </font>
    <font>
      <name>size33</name>
      <filename>arial.ttf</filename>
      <size>33</size>
    </font>
    <font>
      <name>size33B</name>
      <filename>arial.ttf</filename>
      <size>33</size>
      <style>bold</style>
    </font>
    <font>
      <name>size34</name>
      <filename>arial.ttf</filename>
      <size>34</size>
    </font>
    <font>
      <name>size36</name>
      <filename>arial.ttf</filename>
      <size>36</size>
    </font>
    <font>
      <name>size36B</name>
      <filename>arial.ttf</filename>
      <size>36</size>
      <style>bold</style>
    </font>
    <font>
      <name>size38</name>
      <filename>arial.ttf</filename>
      <size>38</size>
    </font>
    <font>
      <name>size39</name>
      <filename>arial.ttf</filename>
      <size>39</size>
    </font>
    <font>
      <name>size39B</name>
      <filename>arial.ttf</filename>
      <size>39</size>
      <style>bold</style>
    </font>
    <font>
      <name>size42</name>
      <filename>arial.ttf</filename>
      <size>42</size>
    </font>
    <font>
      <name>size42B</name>
      <filename>arial.ttf</filename>
      <size>42</size>
      <style>bold</style>
    </font>
    <font>
      <name>size60B</name>
      <filename>arial.ttf</filename>
      <size>60</size>
      <style>bold</style>
    </font>
    <font>
      <name>size212</name>
      <filename>arial.ttf</filename>
      <size>142</size>
      <style>bold</style>
    </font>
  </fontset>
</fonts>
