<includes>
  <variable name="QuitLabel" description="Label for skin settings Quit function item">
    <value condition="StringCompare(Skin.String(shutdown),quit)">$LOCALIZE[13009]</value>
    <value condition="StringCompare(Skin.String(shutdown),powerdown)">$LOCALIZE[13005]</value>
    <value condition="StringCompare(Skin.String(shutdown),hibernate)">$LOCALIZE[13010]</value>
    <value condition="StringCompare(Skin.String(shutdown),suspend)">$LOCALIZE[13011]</value>
    <value condition="StringCompare(Skin.String(shutdown),reboot)">$LOCALIZE[13013]</value>
  </variable>
  <variable name="CustomImgStatus">
    <value condition="Skin.HasSetting(CustomImage)">$LOCALIZE[16041]</value>
    <value>$LOCALIZE[16039]</value>
  </variable>
  <variable name="ShelfLogo">
    <value condition="System.Date(01-01,01-02)">holidays/newyear.png</value>
    <value condition="System.Date(03-17,03-18)">holidays/stpatrick.png</value>
    <value condition="System.Date(04-15,04-16)">holidays/leonardo.png</value>
    <value condition="System.Date(05-12,05-13)">holidays/mother.png</value>
    <value condition="System.Date(06-16,06-17)">holidays/father.png</value>
    <value condition="System.Date(10-31,11-01)">holidays/halloween.png</value>
    <value condition="System.Date(12-25,12-26)">holidays/xmas.png</value>
    <!--<value condition="System.Date(01-14,01-15)">images/davegrohl.png</value>-->
    <value condition="Skin.HasSetting(CustomImage)">$INFO[Skin.String(ShelfCustomImage)]</value>
    <value>$INFO[Window(Weather).Property(Current.ConditionIcon)]</value>
	<!--value>images/XBMCHomeLogo.png</value-->
  </variable>
  <variable name="colormenu" description="Colormenu">
    <value condition="!Skin.HasSetting(colormenu)">$LOCALIZE[16039]</value>
    <value>$LOCALIZE[16041]</value>
  </variable>
  <variable name="Fanartdisplaystatus" description="Label2 for music playing FA">
    <value condition="Skin.HasSetting(MusicPlayingFanart)">$LOCALIZE[449]</value>
    <value>$LOCALIZE[13113]</value>
  </variable>
  <variable name="WatchStatus" description="status">
    <value condition="ListItem.IsResumable">$INFO[ListItem.Overlay,overlay/]</value>
    <value>$INFO[ListItem.Overlay]</value>
  </variable>
  <variable name="RootLabel" description="Windows Name and Items details">
    <value condition="Container.content(movies) + StringCompare(Container.FolderName,$LOCALIZE[369])">$LOCALIZE[20342]</value>
    <value condition="Container.content(tvshows) + StringCompare(Container.FolderName,$LOCALIZE[369])">$LOCALIZE[20343]</value>
    <value condition="Container.content(musicvideos) + StringCompare(Container.FolderName,$LOCALIZE[369])">$LOCALIZE[20389]</value>
    <value condition="Window.IsActive(56)">$LOCALIZE[5] - SiO2</value>
    <value condition="Window.IsActive(Settings.xml)">$LOCALIZE[5]</value>
    <value condition="Window.IsActive(AddonBrowser.xml) + IsEmpty(Container.FolderName)">$LOCALIZE[31037]</value>
    <value condition="Window.IsActive(MyVideoPlaylist.xml)">$LOCALIZE[20012]</value>
    <value condition="Window.IsActive(MyMusicPlaylist.xml)">$LOCALIZE[20011]</value>
    <value condition="Window.IsActive(DialogVideoInfo.xml)">$LOCALIZE[20159]</value>
    <value condition="Window.IsActive(DialogAlbumInfo.xml) + container.content(albums)">$LOCALIZE[13351]</value>
    <value condition="Window.IsActive(DialogAlbumInfo.xml) + container.content(artists)">$LOCALIZE[21891]</value>
    <value condition="Window.IsActive(DialogSongInfo.xml) + container.content(songs)">$LOCALIZE[658]</value>
    <value condition="Window.IsActive(DialogAddonInfo.xml)">$LOCALIZE[24003]</value>
    <value condition="Window.IsActive(weather)">$INFO[Window(Weather)]</value>
    <value condition="Window.IsActive(MyPics.xml)">$LOCALIZE[1]</value>
    <value condition="Window.IsActive(MyPVR.xml) + [Control.HasFocus(13) | Control.HasFocus(34) | Control.HasFocus(14) | Control.HasFocus(35) | Control.HasFocus(17) | Control.HasFocus(36)]">$INFO[Control.GetLabel(29)]</value>
    <value condition="Window.IsActive(MyPVR.xml)">$INFO[Control.GetLabel(30)]</value>
    <value condition="Window.IsActive(1717)">$LOCALIZE[31069]</value>
	<value condition="Window.IsActive(1113)">Watchlists</value>
    <value condition="IsEmpty(Container.FolderName)">$INFO[System.CurrentWindow]</value>
	<value>$INFO[Container.FolderName]</value>
  </variable>
  
  <variable name="TopLabel" description="INFOS">
    <value condition="!Container.content(Addons) + Window.IsActive(MyPics.xml)">$INFO[ListItem.Date,, • ]$INFO[ListItem.Size]</value>
    <value condition="Container.content(Albums)">$INFO[ListItem.Label]</value>
    <value condition="Container.Content(Episodes)">$INFO[ListItem.Premiered,, • ]$INFO[ListItem.Duration,, $LOCALIZE[12391]]</value>
    <value condition="Container.Content(Addons)">$INFO[ListItem.Property(Addon.Creator),  ]</value>
    <value condition="Container.Content(songs)">$INFO[ListItem.Album]</value>
    <value condition="Container.Content(MusicVideos)">$INFO[ListItem.Label]</value>
    <value condition="Container.Content(Movies) + IsEmpty(ListItem.Trailer)">$INFO[ListItem.Year,, • ]$INFO[ListItem.Duration,, $LOCALIZE[31038]]$VAR[MPAAS, • Rated ]</value>
    <value condition="Container.Content(Movies) + !IsEmpty(ListItem.Trailer)">$INFO[ListItem.Year,, • ]$INFO[ListItem.Duration,, $LOCALIZE[31038]]$VAR[Trailer, • ]$VAR[MPAAS, • Rated ]</value>
    <value condition="Container.Content(Seasons) | Container.Content(TVShows)">$INFO[ListItem.Year,, • ]$INFO[ListItem.Property(TotalEpisodes),, $LOCALIZE[20453]]$INFO[ListItem.MPAA, • ]</value>
    <value>$INFO[ListItem.Label2]</value>
  </variable>
  <variable name="MPAAS">
    <value condition="substring(ListItem.MPAA,TV)">$INFO[ListItem.MPAA]</value>
    <value condition="substring(ListItem.MPAA,PG-13)">PG-13</value>
    <value condition="substring(ListItem.MPAA,Rated R)">R</value>
    <value condition="substring(ListItem.MPAA,PG)">PG</value>
    <value condition="substring(ListItem.MPAA,NC-17)">NC-17</value>
    <value condition="substring(ListItem.MPAA,G)">G</value>
    <value>NA</value>
  </variable>
  <variable name="Plots">
    <value condition="Container.content(addons) + !IsEmpty(ListItem.Property(Addon.Description))">$INFO[ListItem.Property(Addon.Description)]</value>
    <value condition="SubString(ListItem.Path,videodb://1/7)">$LOCALIZE[20457]</value>
    <value condition="[Container.Content(Movies) | Container.Content(TVShows) | Container.Content(Episodes)] + !IsEmpty(ListItem.Plot)">$INFO[ListItem.Plot]</value>
    <value condition="Container.Content(Seasons) + !IsEmpty(Container.ShowPlot)">$INFO[Container.ShowPlot]</value>
    <value condition="Container.Content(albums) + !IsEmpty(ListItem.Property(Album_Description))">$INFO[ListItem.Property(Album_Description)]</value>
    <value condition="Container.Content(artists) + !IsEmpty(ListItem.Property(Artist_Description))">$INFO[ListItem.Property(Artist_Description)]</value>
    <value condition="!IsEmpty(ListItem.Plot)">$INFO[ListItem.Plot]</value>
  </variable>
  <variable name="pvrosd" description="pvrOSDchoiche">
    <value condition="Skin.HasSetting(osdch)">$LOCALIZE[19069]</value>
    <value >$LOCALIZE[19019]</value>
  </variable>
  <variable name="helptext">
    <value condition="Container(50).HasFocus(1)">$LOCALIZE[31008]</value>
    <value condition="Container(50).HasFocus(2)">$LOCALIZE[31018]</value>
    <value condition="Container(50).HasFocus(3)">$LOCALIZE[31017]</value>
    <value condition="Container(50).HasFocus(4)">$LOCALIZE[21383]</value>
    <value condition="Container(50).HasFocus(5)">$LOCALIZE[31054]</value>
    <value condition="Container(50).HasFocus(6)">$LOCALIZE[31058]</value>
	<value condition="Container(50).HasFocus(7)">$LOCALIZE[31086]</value>
    <value condition="Container(50).HasFocus(8)">$LOCALIZE[31046]</value>
    <value condition="Container(50).HasFocus(9)">$LOCALIZE[31022]</value>
    <value condition="Container(50).HasFocus(11)">$LOCALIZE[31019]</value>
    <value condition="Container(50).HasFocus(14)">$LOCALIZE[31003]</value>
    <value condition="Container(50).HasFocus(15)">$LOCALIZE[31029]</value>
	<value condition="Container(50).HasFocus(16)">$LOCALIZE[31031]</value>
    <value condition="Container(50).HasFocus(17)">$LOCALIZE[31068]</value>
	<value condition="Container(50).HasFocus(20)">$LOCALIZE[31089]</value>
	<!--<value condition="Container(50).HasFocus(13)"></value>-->
  </variable>
  <variable name="nowplay">
    <value condition="Pvr.IsPlayingTV">$INFO[]</value>
    <value condition="IsEmpty(Player.Art(tvshow.poster))">$INFO[VideoPlayer.Cover]</value>
    <value>$INFO[Player.Art(tvshow.poster)]</value>
  </variable>
  
  <variable name="Locandine">
  <value condition="Container.Content(episodes)">$INFO[ListItem.Art(tvshow.poster)]</value>
    <value condition="!IsEmpty(ListItem.Art(poster))">$INFO[ListItem.Art(poster)]</value>
    <value condition="IsEmpty(ListItem.Art(poster))">$INFO[ListItem.Icon]</value>
  </variable>
  
  <variable name="fanart">
  <value condition="IsEmpty(ListItem.Art(fanart)) | Container.Content(Albums) | Container.Content(episodes)">$INFO[ListItem.Icon]</value>
  <value>$INFO[ListItem.Art(fanart)]</value>
  </variable>
  
  <variable name="hideconnection">
  <value condition="Skin.HasSetting(hideconnection)">$LOCALIZE[16039]</value>
  <value>$LOCALIZE[16041]</value>
  </variable>
  
  <variable name="scelta">
  <value condition="Skin.HasSetting(scelta)">$LOCALIZE[16041]</value>
  <value>$LOCALIZE[16039]</value>
  </variable>
  
  <variable name="BlackMetal">
  <value condition="Skin.HasSetting(BlackMetal)">$LOCALIZE[16041]</value>
  <value>$LOCALIZE[16039]</value>
  </variable>
</includes>
