<window>
  <defaultcontrol always="true">30050</defaultcontrol>
  <controls>
    <control type="image">
      <width>1920</width>
      <height>1080</height>
      <texture>images/black.png</texture>
    </control>
    <control type="fixedlist" id="30050">
      <posx>30</posx>
      <posy>150</posy>
      <width>2920</width>
      <height>800</height>
      <visible>true</visible>
      <onup>30051</onup>
      <ondown>30052</ondown>
      <onleft>-</onleft>
      <onright>-</onright>
      <orientation>horizontal</orientation>
      <pagecontrol>60</pagecontrol>
      <scrolltime tween="sine" easing="out">250</scrolltime>
      <focusposition>1</focusposition>
      <itemlayout width="360">
        <control type="group">
          <animation condition="true" effect="zoom" end="29" center=",200" reversible="false">Conditional</animation>
          <control type="label">
            <posx>600</posx>
            <width>1180</width>
            <height>60</height>
            <aligny>top</aligny>
            <align>center</align>
            <font>Size42B</font>
            <label>$INFO[ListItem.Label]</label>
            <wrapmultiline>true</wrapmultiline>
            <textcolor>Grey</textcolor>
          </control>
          <control type="label" description="ItemDate">
            <posx>600</posx>
            <posy>50</posy>
            <width>1180</width>
            <height>30</height>
            <align>center</align>
            <font>size22</font>
            <label>$INFO[ListItem.Property(date)]</label>
            <textcolor>Grey</textcolor>
          </control>
          <control type="image">
            <posy>80</posy>
            <height>1</height>
            <width>1200</width>
            <texture>lines/Line.png</texture>
          </control>
        </control>
      </itemlayout>
      <focusedlayout width="1215">
        <control type="group">
          <!--<animation effect="fade" start="0" end="100" time="350" delay="250">Visible</animation>-->
          <animation condition="Control.isVisible(30050)" effect="fade" start="0" end="100" time="250" delay="100" reversible="false">Conditional</animation>
          <control type="label">
            <posx>600</posx>
            <width>1180</width>
            <height>60</height>
            <aligny>top</aligny>
            <align>center</align>
            <font>Size42B</font>
            <label>$INFO[ListItem.Label]</label>
            <wrapmultiline>true</wrapmultiline>
            <textcolor>white</textcolor>
          </control>
          <control type="label" description="ItemDate">
            <posx>600</posx>
            <posy>50</posy>
            <width>1180</width>
            <height>30</height>
            <align>center</align>
            <font>size22</font>
            <label>$INFO[ListItem.Property(date)]</label>
            <textcolor>Grey</textcolor>
          </control>
          <control type="image">
            <posy>80</posy>
            <height>1</height>
            <width>1200</width>
            <texture>lines/Line.png</texture>
          </control>
          <control type="textbox">
            <posx>10</posx>
            <posy>80</posy>
            <width>1180</width>
            <height>702</height>
            <aligny>top</aligny>
            <align>justify</align>
            <label>$INFO[ListItem.Property(desc)]</label>
            <visible>StringCompare(ListItem.Property(image),)</visible>
            <textcolor>white</textcolor>
          </control>
          <control type="textbox">
            <posx>310</posx>
            <posy>80</posy>
            <width>880</width>
            <height>702</height>
            <aligny>top</aligny>
            <align>justify</align>
            <label>$INFO[ListItem.Property(desc)]</label>
            <visible>!StringCompare(ListItem.Property(image),)</visible>
            <textcolor>white</textcolor>
          </control>
          <control type="image">
            <posy>782</posy>
            <height>1</height>
            <width>1200</width>
            <texture>lines/Line.png</texture>
          </control>
        </control>
        <control type="group" description="Imagefeed">
          <visible>!StringCompare(ListItem.Property(image),)</visible>
          <control type="image" id="30011">
            <posx>0</posx>
            <posy>100</posy>
            <width>250</width>
            <height>250</height>
            <texture>$INFO[ListItem.Property(image)]</texture>
            <aspectratio>keep</aspectratio>
            <visible>!ListItem.Property(slideshowable)</visible>
          </control>
          <control type="multiimage">
            <posx>0</posx>
            <posy>100</posy>
            <width>250</width>
            <height>250</height>
            <imagepath>$INFO[ListItem.Property(multiimagepath)]</imagepath>
            <aspectratio>keep</aspectratio>
            <timeperimage>2000</timeperimage>
            <fadetime>500</fadetime>
            <pauseatend>5000</pauseatend>
            <randomize>false</randomize>
            <loop>yes</loop>
            <visible>ListItem.Property(slideshowable)</visible>
          </control>
        </control>
      </focusedlayout>
    </control>
    <control type="group" id="30052" description="Bottom buttons">
      <control type="grouplist">
        <posx>200</posx>
        <posy>980</posy>
        <width>1520</width>
        <height>250</height>
        <itemgap>0</itemgap>
        <align>center</align>
        <orientation>horizontal</orientation>
        <onup>30050</onup>
        <ondown>-</ondown>
        <onleft>-</onleft>
        <onright>-</onright>
        <control type="button" id="39001">
          <label>$ADDON[script.rssclient-standalone 30013]</label>
          <onclick>XBMC.SlideShow($INFO[Container(30050).ListItem.Property(multiimagepath)])</onclick>
          <textcolor>white</textcolor>
          <height>60</height>
          <width>375</width>
          <textoffsetx>10</textoffsetx>
          <textwidth>352</textwidth>
        </control>
        <control type="button" id="39002">
          <label>$ADDON[script.rssclient-standalone 30014]</label>
          <onclick>XBMC.PlayMedia($INFO[Container(30050).ListItem.Property(video)])</onclick>
          <textcolor>white</textcolor>
          <height>60</height>
          <width>375</width>
          <textoffsetx>15</textoffsetx>
          <textwidth>352</textwidth>
          <visible>!StringCompare(Container(30050).ListItem.Property(video),)</visible>
        </control>
      </control>
    </control>
    <control type="image">
      <posy>130</posy>
      <height>1</height>
      <width>1920</width>
      <texture>lines/Line.png</texture>
    </control>
    <control type="list" id="30051" description="topmenu">
      <posx>60</posx>
      <posy>50</posy>
      <width>1800</width>
      <height>780</height>
      <onleft>-</onleft>
      <onright>30051</onright>
      <onup>30005</onup>
      <ondown>30050</ondown>
      <scrolltime>200</scrolltime>
      <align>center</align>
      <orientation>horizontal</orientation>
      <itemlayout height="60" width="450">
        <control type="label">
          <posx>225</posx>
          <posy>0</posy>
          <width>400</width>
          <height>60</height>
          <textcolor>white</textcolor>
          <align>center</align>
          <aligny>center</aligny>
          <label>$INFO[ListItem.Label]</label>
        </control>
      </itemlayout>
      <focusedlayout height="60" width="450">
        <control type="image">
          <posx>0</posx>
          <posy>0</posy>
          <width>435</width>
          <height>61</height>
          <texture border="8">images/Buttonselect.png</texture>
          <visible>Control.HasFocus(30051)</visible>
          <include>VisibleFade</include>
        </control>
        <control type="label">
          <posx>225</posx>
          <posy>0</posy>
          <width>400</width>
          <height>60</height>
          <textcolor>Yellow</textcolor>
          <align>center</align>
          <aligny>center</aligny>
          <label>$INFO[ListItem.Label]</label>
        </control>
      </focusedlayout>
    </control>
    <control type="group" id="30005" description="options">
      <posx>0</posx>
      <posy>-300</posy>
      <animation effect="slide" start="0,0" end="0,300" time="400" >Focus</animation>
      <animation effect="slide" start="0,300" end="0,0" time="400" >Unfocus</animation>
      <control type="image" >
        <width>1920</width>
        <height>254</height>
        <texture>images/White.png</texture>
      </control>
      <control type="image" >
        <width>1920</width>
        <height>250</height>
        <texture>images/Black.png</texture>
      </control>
      <control type="grouplist">
        <posy>60</posy>
        <width>1920</width>
        <height>200</height>
        <itemgap>10</itemgap>
        <pagecontrol>60</pagecontrol>
        <scrolltime tween="sine" easing="out">250</scrolltime>
        <orientation>horizontal</orientation>
        <align>center</align>
        <onup>-</onup>
        <ondown>30051</ondown>
        <onleft>-</onleft>
        <onright>-</onright>
        <!--<control type="button" id="39003" description="Sort by button">
				<label>103</label>
				<textcolor>White</textcolor>
				<width>384</width>
			</control>
			
			<control type="togglebutton" id="39004" description="Sort order">
				<label>-</label>
				<width>50</width>
				<height>50</height>
				<texturefocus>Images/ArrowUpFO.png</texturefocus>
				<texturenofocus>Images/ArrowUpNF.png</texturenofocus>
				<alttexturefocus>Images/ArrowDownFO.png</alttexturefocus>
				<alttexturenofocus>Images/ArrowDownNF.png</alttexturenofocus>
			</control>
			-->
        <control type="button" id="39008">
          <description>Edit feeds</description>
          <width>384</width>
          <label>$ADDON[script.rssclient-standalone 30002]</label>
          <onclick>RunScript(script.rss.editor)</onclick>
          <textcolor>White</textcolor>
        </control>
        <control type="button" id="39999">
          <description>go to addon settings (button id is important)</description>
          <label>$ADDON[script.rssclient-standalone 30009]</label>
          <textcolor>White</textcolor>
          <width>384</width>
        </control>
      </control>
    </control>
  </controls>
</window>
