<window id="1717">
  <defaultcontrol always="true">50</defaultcontrol>
  <allowoverlay>no</allowoverlay>
  <include>OpenClose</include>
  <controls>
    <include>Linemiddle</include>
    <include>WindowsTopInfos</include>
    <control type="group">
      <posx>960</posx>
      <posy>131</posy>
      <control type="list" id="50">
        <posy>30</posy>
        <width>902</width>
        <height>801</height>
        <onleft>-</onleft>
        <onright>-</onright>
        <onup>50</onup>
        <ondown>50</ondown>
        <pagecontrol>60</pagecontrol>
        <focusposition>0</focusposition>
        <movement>5</movement>
        <scrolltime>250</scrolltime>
        <itemlayout width="802" height="81">
          <control type="label" description="Main Label">
            <include>52MainLabel</include>
            <label>$INFO[ListItem.Label]</label>
          </control>
          <control type="label" description="Label 2">
            <include>SettingsLabel2</include>
            <label>$INFO[ListItem.Label2]</label>
          </control>
          <control type="image" description="Icon">
            <animation condition="true" effect="fade" start="100" end="60" time="0">Conditional</animation>
            <posx>775</posx>
            <posy>0</posy>
            <height>81</height>
            <width>42</width>
            <aspectratio>keep</aspectratio>
            <texture>$INFO[ListItem.Icon]</texture>
          </control>
		  <include>listline</include>
        </itemlayout>
        <focusedlayout width="802" height="81">
		<include>SmallSelector</include>
          <control type="label" description="Main Label">
            <textcolor>White2</textcolor>

<include>52MainLabel</include>
            <label>$INFO[ListItem.Label]</label>
          </control>
          <control type="label" description="Label 2">
            <include>SettingsLabel2</include>
            <label>$INFO[ListItem.Label2]</label>
          </control>
          <control type="image" description="Icon">
            <animation effect="fade" start="60" end="100" time="100" delay="200">Focus</animation>
            <posx>775</posx>
            <posy>0</posy>
            <height>81</height>
            <width>42</width>
            <aspectratio>keep</aspectratio>
            <texture>$INFO[ListItem.Icon]</texture>
          </control>
		  <include>listline</include>
        </focusedlayout>
        <content>
		  <!--<item id="0" description="safe">
            <label>BACK</label>
            <onclick>Action(Back)</onclick>
            <icon>DefaultIconWarning.png</icon>
          </item>-->
          <item id="1" description="Cache">
            <label>31065</label>
            <onclick>RunScript(special://skin/resources/cache.py)</onclick>
            <icon>DefaultIconWarning.png</icon>
          </item>
		  <item id="2" description="Thumbnails">
            <label>31066</label>
            <onclick>RunScript(special://skin/resources/thumbnails.py)</onclick>
            <icon>DefaultIconWarning.png</icon>
          </item>
		  <item id="3" description="packages">
            <label>31067</label>
            <onclick>RunScript(special://skin/resources/packages.py)</onclick>
            <icon>DefaultIconWarning.png</icon>
          </item>
		  <item id="4" description="packages">
            <label>31071</label>
            <onclick>RunScript(special://skin/resources/metahandler.py)</onclick>
            <icon>DefaultIconWarning.png</icon>
          </item>
		  <item id="5" description="packages">
            <label>31072</label>
            <onclick>RunScript(special://skin/resources/hubrepo.py)</onclick>
            <icon>DefaultIconWarning.png</icon>
          </item>
		  <item id="6" description="packages">
            <label>31080</label>
            <onclick>RunScript(special://skin/resources/advancedremove.py)</onclick>
            <icon>DefaultIconWarning.png</icon>
          </item>
		  <item id="7" description="packages">
            <label>31081</label>
            <onclick>ActivateWindow(1718)</onclick>
            <icon>DefaultIconWarning.png</icon>
          </item>
		  <item id="8" description="videodb">
            <label>31084</label>
            <onclick>RunScript(special://skin/resources/revideodb.py)</onclick>
            <icon>DefaultIconWarning.png</icon>
          </item>
		  <item id="9" description="Musicdb">
            <label>31085</label>
            <onclick>RunScript(special://skin/resources/remusicdb.py)</onclick>
            <icon>DefaultIconWarning.png</icon>
          </item>
		  <!--<item id="10" description="test">
            <label>NEW -SCRIPT- TEST</label>
            <onclick>RunScript(special://skin/resources/script.py)</onclick>
            <icon>DefaultIconWarning.png</icon>
          </item>-->
        </content>
      </control>
    </control>
    <control type="group" description="Left panel">
      <posx>270</posx>
      <posy>60</posy>
      <control type="image" description="reset">
        <include>Help_Panel</include>
        <texture>help/Warning.png</texture>
      </control>
    </control>
    <control type="image" description="Line">
      <posx>150</posx>
      <posy>440</posy>
      <height>1</height>
      <width>660</width>
      <texture>images/Line.png</texture>
    </control>
    <control type="textbox" description="HelpDetails">
      <posx>170</posx>
      <posy>460</posy>
      <width>660</width>
      <height>480</height>
      <font>size28</font>
      <align>justify</align>
      <label>31070</label>
    </control>
  </controls>
</window>
