<colors>
	<color name="Grey">FF838383</color>
	<color name="Grey2">FFFFFFFF</color>
	<color name="Grey3">55000000</color>
	<color name="Grey4">FFEBEBEB</color>	
	<color name="White">FFFFFFFF</color>
	<color name="Background">FFB7D6FE</color>	
	<color name="Red">FF0BD318</color>
	<color name="Blue">FF2261B4</color>
	<color name="Blue7">FF1D77EF</color>
	<color name="Green7">FF0BD318</color>		
	<color name="Black">FF000000</color>
	<color name="Black3">FFFFFFFF</color>	
	<color name="BlackT">55000000</color>
	<color name="BlackST">90000000</color>
	<color name="Silver">FFFFFFFF</color>
	<color name="Diffuse">FFA0A0A0</color>
	<color name="Diffuse2">FF474747</color>
	<color name="Disabled">FF5E5E5E</color>	
	<color name="Shadow">70000000</color>
	<color name="ShadowDark">FF262626</color>
	<color name="Yellow">FF1D77EF</color>
</colors>

