<?xml version="1.0" encoding="UTF-8" standalone="yes"?>
<addon id="script.favourites" name="Favourites script" version="4.0.9" provider-name="ronie|`Black">
	<requires>
		<import addon="xbmc.python" version="2.1.0"/>
	</requires>
	<extension point="xbmc.python.library" library="default.py"/>
	<extension point="xbmc.addon.metadata">
		<language/>
		<summary>Favourites script</summary>
		<description>Fetches item from your xbmc favourites to populate Home menu/submenu with custom buttons.</description>
		<disclaimer>Needs skin support for it to be used properly</disclaimer>
		<platform>all</platform>
		<forum>http://forum.xbmc.org/showthread.php?tid=114671</forum>
		<source>https://code.google.com/p/ronie/source/</source>
	</extension>
</addon>
