﻿<window id="129">
  <defaultcontrol always="true">11</defaultcontrol>
  <allowoverlay>no</allowoverlay>
  <controls>
    <include>Backgroundcolor</include>
    <control type="group" description="Right panel">
      <control type="label" id="2" description="Heading">
        <posx>0</posx>
        <posy>30</posy>
        <width>1920</width>
        <font>size39B</font>
        <label>-</label>
        <align>center</align>
      </control>
      <control type="image" description="line">
        <posy>110</posy>
        <height>1</height>
        <width>1920</width>
        <texture>lines/Line.png</texture>
      </control>
      <control type="grouplist" id="9001">
        <posx>490</posx>
        <posy>150</posy>
        <width>940</width>
        <itemgap>30</itemgap>
        <orientation>horizontal</orientation>
        <onleft>9001</onleft>
        <onright>9001</onright>
        <ondown>10</ondown>
        <align>center</align>
        <control type="button" id="11" description="Browse">
          <width>285</width>
          <label>1024</label>
        </control>
        <control type="button" id="13" description="Add">
          <width>285</width>
          <label>15019</label>
        </control>
        <control type="button" id="14" description="Remove">
          <width>285</width>
          <label>1210</label>
        </control>
      </control>
      <control type="list" id="10">
        <posx>450</posx>
        <posy>260</posy>
        <width>1020</width>
        <height>430</height>
        <onup>9001</onup>
        <onleft>-</onleft>
        <onright>-</onright>
        <ondown>12</ondown>
        <itemlayout height="80">
          <control type="image">
            <width>1020</width>
            <height>75</height>
          </control>
          <control type="label">
            <posx>20</posx>
            <aligny>center</aligny>
            <height>75</height>
            <width>1000</width>
            <info>ListItem.Label</info>
          </control>
        </itemlayout>
        <focusedlayout height="80">
          <control type="image">
            <width>1020</width>
            <height>75</height>
            <texture border="8">Images/Buttonselect.png</texture>
            <animation effect="fade" start="100" end="50" condition="!Control.HasFocus(10)">Conditional</animation>
          </control>
          <control type="label" description="Path label">
            <posx>20</posx>
            <aligny>center</aligny>
            <height>75</height>
            <width>1000</width>
            <info>ListItem.Label</info>
          </control>
        </focusedlayout>
      </control>
      <control type="label" id="0" description="Source Name Label">
        <posx>490</posx>
        <posy>690</posy>
        <width>940</width>
        <align>center</align>
        <label>1022</label>
      </control>
      <control type="button" id="12" description="Source Name Button Field">
        <posx>450</posx>
        <posy>765</posy>
        <label>-</label>
        <width>1020</width>
        <align>left</align>
        <texturefocus border="8" >Images/Buttonselect.png</texturefocus>
        <texturenofocus flipy="true" border="8" >Images/textedit.png</texturenofocus>
        <textoffsetx>20</textoffsetx>
        <onup>10</onup>
        <onleft>18</onleft>
        <onright>19</onright>
        <ondown>1800</ondown>
      </control>
      <control type="grouplist" id="1800">
        <posx>490</posx>
        <posy>890</posy>
        <width>940</width>
        <onup>12</onup>
        <ondown>9001</ondown>
        <align>center</align>
        <itemgap>75</itemgap>
        <orientation>horizontal</orientation>
        <control type="button" id="18" description="OK">
          <width>300</width>
          <label>186</label>
          <onleft>20</onleft>
          <onright>19</onright>
        </control>
        <control type="button" id="19" description="Cancel">
          <width>300</width>
          <label>222</label>
          <onleft>18</onleft>
          <onright>20</onright>
        </control>
      </control>
    </control>
  </controls>
</window>
