<window>
  <defaultcontrol>32</defaultcontrol>
  <allowoverlay>no</allowoverlay>
  <include>OpenClose</include>
  <controls>
    <include>Backgroundcolor</include>
    <control type="label" id="29">
      <description>passes the values up one level</description>
      <visible>False</visible>
    </control>
    <control type="label" id="30">
      <description>passes the values up one level</description>
      <visible>False</visible>
    </control>
    <control type="group">
      <description>Timeline Media Window</description>
      <visible>Control.IsVisible(15) | Control.IsVisible(10)</visible>
      <posx>1200</posx>
      <posy>60</posy>
      <control type="image">
	  <visible>!Player.HasMedia</visible>
        <posx>5</posx>
        <posy>5</posy>
        <width>610</width>
        <height>400</height>
        <texture>pvr/tvset.png</texture>
      </control>
      <control type="videowindow">
        <posx>5</posx>
        <posy>5</posy>
        <width>610</width>
        <height>400</height>
        <visible>Player.HasVideo</visible>
      </control>
      <control type="label">
        <description>Current Video label</description>
        <posy>400</posy>
        <width>620</width>
        <height>35</height>
        <font>size36</font>
        <textcolor>Yellow</textcolor>
        <align>center</align>
        <label>$INFO[VideoPlayer.Title]</label>
        <visible>Player.HasVideo</visible>
      </control>
      <control type="visualisation">
        <posx>5</posx>
        <posy>5</posy>
        <width>610</width>
        <height>400</height>
        <visible>Player.HasAudio</visible>
      </control>
    </control>
    <control type="group">
	<description>Small Media Window</description>
      <include>Icon_Fade</include>
      <visible>[Control.IsVisible(17)  + Player.HasMedia] | Control.IsVisible(16) | Control.IsVisible(11) | Control.IsVisible(12) | [Control.IsVisible(13) + Player.HasMedia]</visible>
      <control type="image">
	  <visible>!Player.HasMedia</visible>
        <posx>120</posx>
        <posy>80</posy>
        <width>760</width>
        <height>495</height>
        <texture>pvr/tvset.png</texture>
      </control>
      <control type="videowindow">
        <posx>120</posx>
        <posy>80</posy>
        <width>760</width>
        <height>495</height>
        <visible>Player.HasVideo</visible>
      </control>
      <control type="visualisation">
        <posx>120</posx>
        <posy>80</posy>
        <width>760</width>
        <height>495</height>
        <visible>Player.HasAudio</visible>
      </control>
    </control>
    <control type="group" id="50">
      <include>OpenClose</include>
      <include>EPGTimelineView</include>
      --><!-- view id = 10 -->
      <include>LiveTVChannelView</include>
      <!-- view id = 11 -->
      <include>LiveRadioChannelView</include>
      <!-- view id = 12 -->
      <include>LiveTVRecordingsView</include>
      <!-- view id = 13 -->
      <include>LiveTVTimersView</include>
      <!-- view id = 14 -->
      <include>LiveTVGuideChannelView</include>
      <!-- view id = 15 -->
      <include>LiveTVGuideNowNextView</include>
      <!-- view id = 16 -->
      <include>LiveTVSearchView</include>
      <!-- view id = 17 -->
    </control>
    <control type="group" description="Side menu 9000 group">
      <visible allowhiddenfocus="true">ControlGroup(9000).HasFocus()</visible>
      <include>DialogOpenCloseVisible</include>
       <control type="image" description="List back">
        <posx>540</posx>
        <posy>190</posy>
        <width>840</width>
        <height>700</height>
        <aspectratio>stretch</aspectratio>
        <texture border="150">images/Dialog.png</texture>
      </control>
      <control type="grouplist" id="9000">
	  <include>DialogGLs</include>
		<control type="button" id="31">
          <description>TV Guide</description>
          <include>DialogButt</include>
          <label>$LOCALIZE[19222]: $LOCALIZE[19030]</label>
        </control>
        <control type="button" id="32">
          <description>TV Channels</description>
          <include>DialogButt</include>
          <label>19023</label>
        </control>
        <control type="button" id="33">
          <description>Radio Channels</description>
          <include>DialogButt</include>
          <label>19024</label>
        </control>
        <control type="button" id="34">
          <description>Recordings</description>
          <include>DialogButt</include>
          <label>19163</label>
        </control>
        <control type="button" id="35">
          <description>Timers</description>
          <include>DialogButt</include>
          <label>19040</label>
        </control>
        <control type="button" id="36">
          <description>Search</description>
          <include>DialogButt</include>
          <label>137</label>
        </control>
      </control>
    </control>
    <include>WindowsTopInfos</include>
  </controls>
</window>
