﻿<?xml version="1.0" encoding="UTF-8"?>
<includes>
  <include name="Videoviews">
     <!--NEW VIEW SiO2-->
    <control type="group" description="sio2view">
      <visible>Control.IsVisible(52)</visible>
      <control type="image">
        <visible>!substring(ListItem.MPAA,Rated R)</visible>
        <include>Fanart_Fade</include>
        <posx></posx>
        <posy></posy>
        <width>1920</width>
        <height>1080</height>
        <texture>$VAR[fanart]</texture>
        <colordiffuse>50DDFFDD</colordiffuse>
        <aspectratio align="left">scale</aspectratio>
      </control>
      <control type="image">
        <visible>substring(ListItem.MPAA,Rated R)</visible>
        <include>Fanart_Fade</include>
        <posx></posx>
        <posy></posy>
        <width>1920</width>
        <height>1080</height>
        <texture>$VAR[fanart]</texture>
        <colordiffuse>50FFDDDD</colordiffuse>
        <aspectratio align="left">scale</aspectratio>
      </control>
      <control type="image">
        <include>Dimensions_Fullscreen</include>
        <texture>images/sio2right.png</texture>
        <colordiffuse>AAFFFFFF</colordiffuse>
      </control>
      <control type="fixedlist" id="52">
        <visible>Container.Content(movies) | Container.Content(tvshows) | Container.Content(seasons) | Container.Content(episodes) | Container.Content(Sets)</visible>
        <posx>60</posx>
        <posy>130</posy>
        <visible>!IsEmpty(Container.FolderPath)</visible>
        <width>1820</width>
        <height>810</height>
        <onleft condition="SubString(ListItem.path,videodb://1/7/)">990</onleft>
        <onleft condition="!Skin.HasSetting(ViewsMenuOff)">9000</onleft>
        <onleft condition="Skin.HasSetting(ViewsMenuOff)">-</onleft>
        <onright condition="!Skin.HasSetting(Scrollbars_Passive)">60</onright>
        <onright condition="Skin.HasSetting(Scrollbars_Passive)">-</onright>
        <onup>52</onup>
        <ondown>52</ondown>
        <pagecontrol>60</pagecontrol>
        <viewtype label="Sio2View">Sio2View</viewtype>
        <focusposition>2</focusposition>
        <preloaditems>4</preloaditems>
        <scrolltime>250</scrolltime>
        <itemlayout height="160">
          <control type="image">
            <posx>1680</posx>
            <posy>10</posy>
            <width>108</width>
            <height>140</height>
            <texture>$VAR[Locandine]</texture>
            <aspectratio>scale</aspectratio>
          </control>
          <control type="image">
            <posx>1316</posx>
            <posy>120</posy>
            <width>360</width>
            <height>30</height>
            <texture>$VAR[WatchStatus,Overlay/List/]</texture>
            <aspectratio align="right">keep</aspectratio>
          </control>
          <control type="textbox">
            <posx>1310</posx>
            <posy>20</posy>
            <width>340</width>
            <height>140</height>
            <font>Size30</font>
            <textcolor>White</textcolor>
            <align>right</align>
            <label>$INFO[ListItem.label]</label>
          </control>
          <control type="image">
            <posx>1280</posx>
            <width>440</width>
            <height>1</height>
            <texture>lines/LineL.png</texture>
          </control>
        </itemlayout>
        <focusedlayout height="160">
          <control type="button">
            <onfocus condition="SubString(ListItem.path,videodb://1/7/)">RunScript(special://skin/resources/sets.py,$INFO[ListItem.label])</onfocus>
            <texturefocus>-</texturefocus>
            <texturenofocus>-</texturenofocus>
          </control>
          <control type="image">
            <animation effect="fade" end="0" time="30">UnFocus</animation>
            <posx>1280</posx>
            <width>510</width>
            <height>160</height>
        <texture colordiffuse="$VAR[diffuseselect]">images/buttonselect1.png</texture>
          </control>
          <control type="image">
            <posx>1680</posx>
            <posy>10</posy>
            <width>108</width>
            <height>140</height>
            <texture>$VAR[Locandine]</texture>
            <aspectratio>scale</aspectratio>
          </control>
          <control type="image">
            <posx>1316</posx>
            <posy>120</posy>
            <width>360</width>
            <height>30</height>
            <texture>$VAR[WatchStatus,Overlay/List/]</texture>
            <aspectratio align="right">keep</aspectratio>
          </control>
          <control type="textbox">
            <posx>1310</posx>
            <posy>20</posy>
            <width>340</width>
            <height>140</height>
            <font>Size30</font>
            <textcolor>White</textcolor>
            <align>right</align>
            <label>$INFO[ListItem.label]</label>
          </control>
          <control type="image">
            <posx>1280</posx>
            <width>440</width>
            <height>1</height>
            <texture>lines/LineL.png</texture>
          </control>
        </focusedlayout>
      </control>
      <control type="label">
        <posx>100</posx>
        <posy>42</posy>
        <width>1140</width>
        <height>80</height>
        <font>Size42B</font>
        <textcolor>White</textcolor>
		<shadowcolor>Black</shadowcolor>
        <align>center</align>
        <label>$INFO[ListItem.label]</label>
      </control>
      <control type="textbox">
	  	<visible>!SubString(ListItem.path,videodb://1/7/)</visible>
        <posx>240</posx>
        <posy>110</posy>
        <width>860</width>
        <height>50</height>
        <font>Size26</font>
        <textcolor>Black3</textcolor>
        <align>center</align>
        <label>$INFO[ListItem.Tagline]</label>
      </control>
      <control type="grouplist" description="detailedinfos">
        <visible>!SubString(ListItem.path,videodb://1/7/)</visible>
        <posx>60</posx>
        <posy>180</posy>
        <height>600</height>
        <width>1000</width>
        <itemgap>10</itemgap>
        <control type="label">
          <width>800</width>
          <height>20</height>
          <font>Size26</font>
          <textcolor>White</textcolor>
          <align>right</align>
          <label>$LOCALIZE[180]: [COLOR Silver][B]$INFO[ListItem.Duration] $LOCALIZE[12391][/B][/COLOR]</label>
        </control>
        <control type="label">
          <width>800</width>
          <height>20</height>
          <font>Size26</font>
          <textcolor>White</textcolor>
          <align>right</align>
          <label>$LOCALIZE[515]: [COLOR Silver][B]$INFO[ListItem.Genre][/B][/COLOR]</label>
        </control>
        <control type="label">
          <width>800</width>
          <height>20</height>
          <font>Size26</font>
          <textcolor>White</textcolor>
          <align>right</align>
          <label>$LOCALIZE[562]: [COLOR Silver][B]$INFO[ListItem.Year][/B][/COLOR]</label>
        </control>
        <control type="label">
          <visible>!StringCompare(ListItem.OriginalTitle,ListItem.label)</visible>
          <width>800</width>
          <height>20</height>
          <font>Size26</font>
          <textcolor>White</textcolor>
          <align>right</align>
          <label>$LOCALIZE[20376]: [COLOR Silver][B]$INFO[ListItem.OriginalTitle][/B][/COLOR]</label>
        </control>
        <control type="label">
          <width>800</width>
          <height>20</height>
          <font>Size26</font>
          <textcolor>White</textcolor>
          <align>right</align>
          <label>$LOCALIZE[20339]: [COLOR Silver][B]$INFO[ListItem.Director][/B][/COLOR]</label>
        </control>
        <control type="label">
          <width>800</width>
          <height>20</height>
          <font>Size26</font>
          <textcolor>White</textcolor>
          <align>right</align>
          <label>$LOCALIZE[21875]: [COLOR Silver][B]$INFO[ListItem.Country][/B][/COLOR]</label>
        </control>
        <control type="label">
          <width>800</width>
          <height>20</height>
          <font>Size26</font>
          <textcolor>White</textcolor>
          <align>right</align>
          <label>$LOCALIZE[563]: [COLOR Silver][B]$INFO[ListItem.RatingAndVotes][/B][/COLOR]</label>
        </control>
        <control type="label">
          <width>800</width>
          <height>20</height>
          <font>Size26</font>
          <textcolor>White</textcolor>
          <align>right</align>
          <scroll>false</scroll>
          <label>$LOCALIZE[20388]: [COLOR Silver][B]$INFO[ListItem.Studio][/B][/COLOR]</label>
        </control>
        <control type="label">
          <width>800</width>
          <height>20</height>
          <font>Size26</font>
          <textcolor>White</textcolor>
          <align>right</align>
          <label>$LOCALIZE[576]: [COLOR Silver][B]$INFO[ListItem.PlayCount][/B][/COLOR]</label>
        </control>
        <control type="label">
          <width>800</width>
          <height>20</height>
          <font>Size26</font>
          <textcolor>White</textcolor>
          <align>right</align>
          <label>$LOCALIZE[568]: [COLOR Silver][B]$INFO[ListItem.LastPlayed][/B][/COLOR]</label>
        </control>
        <control type="label">
          <visible>!SubString(ListItem.path,videodb://1/7/)</visible>
          <width>800</width>
          <height>20</height>
          <font>Size26</font>
          <textcolor>White</textcolor>
          <align>right</align>
          <label>$LOCALIZE[31087]: [COLOR Silver][B]$INFO[ListItem.PercentPlayed] %[/B][/COLOR]</label>
        </control>
        <control type="label">
          <width>800</width>
          <height>20</height>
          <font>Size26</font>
          <textcolor>White</textcolor>
          <align>right</align>
          <label>$LOCALIZE[582]: [COLOR Silver][B]$INFO[Container.Viewmode][/B][/COLOR]</label>
        </control>
      </control>
      <control type="grouplist" description="flags">
        <visible>!SubString(ListItem.path,videodb://1/7/)</visible>
        <posx>60</posx>
        <posy>540</posy>
        <height>600</height>
        <width>810</width>
        <itemgap>10</itemgap>
        <orientation>horizontal</orientation>
        <align>right</align>
        <control type="image">
          <animation condition="![Container(52).OnNext | Container(52).OnPrevious]" effect="slide" start="-900" end="0" time="200" delay="2650" tween="sine">Conditional</animation>
          <height>50</height>
          <width>130</width>
          <bordersize>3</bordersize>
          <aspectratio>keep</aspectratio>
          <colordiffuse>Silver</colordiffuse>
          <texture>$INFO[ListItem.VideoResolution,badges/video/,.png]</texture>
        </control>
        <control type="image">
          <visible>!IsEmpty(ListItem.VideoCodec)</visible>
          <animation condition="![Container(52).OnNext | Container(52).OnPrevious]" effect="slide" start="-900" end="0" time="200" delay="2530" tween="sine">Conditional</animation>
          <height>50</height>
          <width>130</width>
          <bordersize>3</bordersize>
          <aspectratio>keep</aspectratio>
          <colordiffuse>Silver</colordiffuse>
          <texture>$INFO[ListItem.VideoCodec,badges/video/,.png]</texture>
        </control>
        <control type="image">
          <visible>!IsEmpty(ListItem.AudioChannels)</visible>
          <animation condition="![Container(52).OnNext | Container(52).OnPrevious]" effect="slide" start="-900" end="0" time="200" delay="2380" tween="sine">Conditional</animation>
          <height>50</height>
          <width>130</width>
          <bordersize>3</bordersize>
          <aspectratio>keep</aspectratio>
          <colordiffuse>Silver</colordiffuse>
          <texture>$INFO[ListItem.AudioChannels,badges/channels,.png]</texture>
        </control>
        <control type="image">
          <visible>!IsEmpty(ListItem.AudioCodec)</visible>
          <animation condition="![Container(52).OnNext | Container(52).OnPrevious]" effect="slide" start="-900" end="0" time="200" delay="2200" tween="sine">Conditional</animation>
          <height>50</height>
          <width>130</width>
          <bordersize>3</bordersize>
          <aspectratio>keep</aspectratio>
          <colordiffuse>Silver</colordiffuse>
          <texture>$INFO[ListItem.AudioCodec,badges/audio/,.png]</texture>
        </control>
        <control type="image">
          <visible>!IsEmpty(ListItem.FileExtension)</visible>
          <animation condition="![Container(52).OnNext | Container(52).OnPrevious]" effect="slide" start="-900" end="0" time="200" delay="2000" tween="sine">Conditional</animation>
          <height>50</height>
          <width>130</width>
          <bordersize>3</bordersize>
          <aspectratio>keep</aspectratio>
          <colordiffuse>Silver</colordiffuse>
          <texture>$INFO[ListItem.FileExtension,badges/video/,.png]</texture>
        </control>
      </control>
      <!--NONSET-->
      <control type="group" description="nonsetinfos">
        <visible>!SubString(ListItem.path,videodb://1/7/)</visible>
        <control type="textbox" description="plots">
          <posx>140</posx>
          <posy>600</posy>
          <width>1060</width>
          <height>420</height>
          <align>justify</align>
          <label>$VAR[Plots]</label>
        </control>
        <control type="group" description="icon+overlay">
          <posx>900</posx>
          <posy>180</posy>
          <control type="image">
            <height>400</height>
            <width>267</width>
            <texture>$VAR[Locandine]</texture>
            <aspectratio>scale</aspectratio>
          </control>
          <control type="image">
            <visible>!Substring(Listitem.path,3DMovies)</visible>
            <posx>-6</posx>
            <posy>-7</posy>
            <height>414</height>
            <width>281</width>
            <texture border="10" background="true">images/dvdbox.png</texture>
            <aspectratio>stretch</aspectratio>
          </control>
          <control type="image">
            <visible>Substring(Listitem.path,3DMovies)</visible>
            <posx>-6</posx>
            <posy>-7</posy>
            <width>281</width>
            <height>414</height>
            <texture border="10" background="true">images/dvdbox3d.png</texture>
            <aspectratio>stretch</aspectratio>
          </control>
          <control type="image">
            <posx>-10</posx>
            <posy>350</posy>
            <width>60</width>
            <height>60</height>
            <info>ListItem.Overlay</info>
          </control>
        </control>
      </control>
      <!--SET-->
      <control type="group" description="setinfos">
        <visible>SubString(ListItem.path,videodb://1/7/)</visible>
        <control type="grouplist" description="icons+overlay row 1">
          <posx>100</posx>
          <posy>120</posy>
          <width>1180</width>
          <height>570</height>
          <orientation>horizontal</orientation>
          <itemgap>30</itemgap>
          <control type="image">
            <height>400</height>
            <width>267</width>
            <texture>$INFO[Window(Home).Property(SetItem.1.art(poster))]</texture>
          </control>
          <control type="image">
            <height>400</height>
            <width>267</width>
            <texture>$INFO[Window(Home).Property(SetItem.2.art(poster))]</texture>
          </control>
          <control type="image">
            <height>400</height>
            <width>267</width>
            <texture>$INFO[Window(Home).Property(SetItem.3.art(poster))]</texture>
          </control>
          <control type="image">
            <height>400</height>
            <width>267</width>
            <texture>$INFO[Window(Home).Property(SetItem.4.art(poster))]</texture>
          </control>
        </control>
        <control type="grouplist" description="dvdcover row 1">
          <posx>94</posx>
          <posy>113</posy>
          <width>1180</width>
          <height>570</height>
          <orientation>horizontal</orientation>
          <itemgap>16</itemgap>
          <control type="image">
            <visible>!IsEmpty(Window(Home).Property(SetItem.1.art(poster)))</visible>
            <height>414</height>
            <width>281</width>
            <texture border="10" background="true">images/dvdbox.png</texture>
            <aspectratio>stretch</aspectratio>
          </control>
          <control type="image">
            <visible>!IsEmpty(Window(Home).Property(SetItem.2.art(poster)))</visible>
            <height>414</height>
            <width>281</width>
            <texture border="10" background="true">images/dvdbox.png</texture>
            <aspectratio>stretch</aspectratio>
          </control>
          <control type="image">
            <visible>!IsEmpty(Window(Home).Property(SetItem.3.art(poster)))</visible>
            <height>414</height>
            <width>281</width>
            <texture border="10" background="true">images/dvdbox.png</texture>
            <aspectratio>stretch</aspectratio>
          </control>
          <control type="image">
            <visible>!IsEmpty(Window(Home).Property(SetItem.4.art(poster)))</visible>
            <height>414</height>
            <width>281</width>
            <texture border="10" background="true">images/dvdbox.png</texture>
            <aspectratio>stretch</aspectratio>
          </control>
        </control>
        <control type="grouplist" description="titles row 1">
          <posx>100</posx>
          <posy>530</posy>
          <width>1180</width>
          <height>570</height>
          <orientation>horizontal</orientation>
          <itemgap>30</itemgap>
          <control type="textbox">
            <width>267</width>
            <height>60</height>
            <align>center</align>
            <font>Size26</font>
            <label>$INFO[Window(Home).Property(SetItem.1.title)]</label>
          </control>
          <control type="textbox">
            <width>267</width>
            <height>60</height>
            <align>center</align>
            <font>Size26</font>
            <label>$INFO[Window(Home).Property(SetItem.2.title)]</label>
          </control>
          <control type="textbox">
            <width>267</width>
            <height>60</height>
            <align>center</align>
            <font>Size26</font>
            <label>$INFO[Window(Home).Property(SetItem.3.title)]</label>
          </control>
          <control type="textbox">
            <width>267</width>
            <height>60</height>
            <align>center</align>
            <font>Size26</font>
            <label>$INFO[Window(Home).Property(SetItem.4.title)]</label>
          </control>
        </control>
        <control type="grouplist" description="icons+overlay row 2">
          <posx>100</posx>
          <posy>600</posy>
          <width>1180</width>
          <height>980</height>
          <orientation>horizontal</orientation>
          <itemgap>30</itemgap>
          <control type="image">
            <height>400</height>
            <width>267</width>
            <texture>$INFO[Window(Home).Property(SetItem.5.art(poster))]</texture>
          </control>
          <control type="image">
            <height>400</height>
            <width>267</width>
            <texture>$INFO[Window(Home).Property(SetItem.6.art(poster))]</texture>
          </control>
          <control type="image">
            <height>400</height>
            <width>267</width>
            <texture>$INFO[Window(Home).Property(SetItem.7.art(poster))]</texture>
          </control>
          <control type="image">
            <height>400</height>
            <width>267</width>
            <texture>$INFO[Window(Home).Property(SetItem.8.art(poster))]</texture>
          </control>
        </control>
        <control type="grouplist" description="dvdcover row 1">
          <posx>94</posx>
          <posy>593</posy>
          <width>1180</width>
          <height>570</height>
          <orientation>horizontal</orientation>
          <itemgap>16</itemgap>
          <control type="image">
            <visible>!IsEmpty(Window(Home).Property(SetItem.5.art(poster)))</visible>
            <height>414</height>
            <width>281</width>
            <texture border="10" background="true">images/dvdbox.png</texture>
            <aspectratio>stretch</aspectratio>
          </control>
          <control type="image">
            <visible>!IsEmpty(Window(Home).Property(SetItem.6.art(poster)))</visible>
            <height>414</height>
            <width>281</width>
            <texture border="10" background="true">images/dvdbox.png</texture>
            <aspectratio>stretch</aspectratio>
          </control>
          <control type="image">
            <visible>!IsEmpty(Window(Home).Property(SetItem.7.art(poster)))</visible>
            <height>414</height>
            <width>281</width>
            <texture border="10" background="true">images/dvdbox.png</texture>
            <aspectratio>stretch</aspectratio>
          </control>
          <control type="image">
            <visible>!IsEmpty(Window(Home).Property(SetItem.8.art(poster)))</visible>
            <height>414</height>
            <width>281</width>
            <texture border="10" background="true">images/dvdbox.png</texture>
            <aspectratio>stretch</aspectratio>
          </control>
        </control>
        <control type="grouplist" description="titles row 2">
          <posx>100</posx>
          <posy>1010</posy>
          <width>1180</width>
          <height>570</height>
          <orientation>horizontal</orientation>
          <itemgap>30</itemgap>
          <control type="textbox">
            <width>267</width>
            <height>60</height>
            <align>center</align>
            <font>Size26</font>
            <label>$INFO[Window(Home).Property(SetItem.5.title)]</label>
          </control>
          <control type="textbox">
            <width>267</width>
            <height>60</height>
            <align>center</align>
            <font>Size26</font>
            <label>$INFO[Window(Home).Property(SetItem.6.title)]</label>
          </control>
          <control type="textbox">
            <width>267</width>
            <height>60</height>
            <align>center</align>
            <font>Size26</font>
            <label>$INFO[Window(Home).Property(SetItem.7.title)]</label>
          </control>
          <control type="textbox">
            <width>267</width>
            <height>60</height>
            <align>center</align>
            <font>Size26</font>
            <label>$INFO[Window(Home).Property(SetItem.8.title)]</label>
          </control>
        </control>
		<control type="panel" id="990">
		<visible>!Control.IsVisible(777)</visible>
          <posx>85</posx>
          <posy>110</posy>
          <width>1200</width>
          <height>1080</height>
		  <onup>-</onup>
		  <ondown>-</ondown>
          <onright>52</onright>
          <itemlayout width="297" height="480"></itemlayout>
          <focusedlayout width="297" height="480">
		  <control type="group">
		  <animation effect="fade" start="0" end="100" time="250">Focus</animation>
		  <animation effect="fade" start="100" end="0" time="150">unFocus</animation>
            <control type="image">
              <width>297</width>
              <height>420</height>
              <texture border="9">images/SetsWhite.png</texture>
            </control>
			<control type="textbox">
			<posy>10</posy>
			<width>290</width>
              <height>400</height>
			  <font>Size22</font>
			  <align>center</align>
			<label>[B][CR]$INFO[ListItem.label] $LOCALIZE[12391][CR][CR]$LOCALIZE[345]:[CR]$INFO[ListItem.label2][CR][CR]$LOCALIZE[563] $INFO[ListItem.Property(rating)][CR][CR]$LOCALIZE[20339]:[CR]$INFO[ListItem.Property(director)][CR][CR]$LOCALIZE[20074]:[CR]$INFO[ListItem.Property(MPAA)][/B]</label>
			</control>
			</control>
          </focusedlayout>
          <content>
            <item id="1">
              <visible>!IsEmpty(Window(Home).Property(SetItem.1.art(poster)))</visible>
			  <label>$INFO[Window(Home).Property(SetItem.1.Duration)]</label>
			  <label2>$INFO[Window(Home).Property(SetItem.1.Year)]</label2>
			  <property name="rating">$INFO[Window(Home).Property(SetItem.1.Rating)]</property>
			  <property name="MPAA">$INFO[Window(Home).Property(SetItem.1.MPAA)]</property>
			  <property name="director">$INFO[Window(Home).Property(SetItem.1.director)]</property>
			  <onclick>PlayMedia($ESCINFO[Window(Home).Property(SetItem.1.Path)])</onclick>
            </item>
            <item id="2">
              <visible>!IsEmpty(Window(Home).Property(SetItem.2.art(poster)))</visible>
			  <label>$INFO[Window(Home).Property(SetItem.2.Duration)]</label>
			  <label2>$INFO[Window(Home).Property(SetItem.2.Year)]</label2>
			  <property name="rating">$INFO[Window(Home).Property(SetItem.2.Rating)]</property>
			  <property name="MPAA">$INFO[Window(Home).Property(SetItem.2.MPAA)]</property>
			  <property name="director">$INFO[Window(Home).Property(SetItem.2.director)]</property>
              <onclick>PlayMedia($ESCINFO[Window(Home).Property(SetItem.2.Path)])</onclick>
            </item>
            <item id="3">
              <visible>!IsEmpty(Window(Home).Property(SetItem.3.art(poster)))</visible>
			  <label>$INFO[Window(Home).Property(SetItem.3.Duration)]</label>
			  <label2>$INFO[Window(Home).Property(SetItem.3.Year)]</label2>
			  <property name="rating">$INFO[Window(Home).Property(SetItem.3.Rating)]</property>
			  <property name="MPAA">$INFO[Window(Home).Property(SetItem.3.MPAA)]</property>
			  <property name="director">$INFO[Window(Home).Property(SetItem.3.director)]</property>
              <onclick>PlayMedia($ESCINFO[Window(Home).Property(SetItem.3.Path)])</onclick>
            </item>
            <item id="4">
              <visible>!IsEmpty(Window(Home).Property(SetItem.4.art(poster)))</visible>
			  <label>$INFO[Window(Home).Property(SetItem.4.Duration)]</label>
			  <label2>$INFO[Window(Home).Property(SetItem.4.Year)]</label2>
			  <property name="rating">$INFO[Window(Home).Property(SetItem.4.Rating)]</property>
			  <property name="MPAA">$INFO[Window(Home).Property(SetItem.4.MPAA)]</property>
			  <property name="director">$INFO[Window(Home).Property(SetItem.4.director)]</property>
              <onclick>PlayMedia($ESCINFO[Window(Home).Property(SetItem.4.Path)])</onclick>
            </item>
            <item id="5">
              <visible>!IsEmpty(Window(Home).Property(SetItem.5.art(poster)))</visible>
			  <label>$INFO[Window(Home).Property(SetItem.5.Duration)]</label>
			  <label2>$INFO[Window(Home).Property(SetItem.5.Year)]</label2>
			  <property name="rating">$INFO[Window(Home).Property(SetItem.5.Rating)]</property>
			  <property name="MPAA">$INFO[Window(Home).Property(SetItem.5.MPAA)]</property>
			  <property name="director">$INFO[Window(Home).Property(SetItem.5.director)]</property>
              <onclick>PlayMedia($ESCINFO[Window(Home).Property(SetItem.5.Path)])</onclick>
            </item>
            <item id="6">
              <visible>!IsEmpty(Window(Home).Property(SetItem.6.art(poster)))</visible>
			  <label>$INFO[Window(Home).Property(SetItem.6.Duration)]</label>
			  <label2>$INFO[Window(Home).Property(SetItem.6.Year)]</label2>
			  <property name="rating">$INFO[Window(Home).Property(SetItem.6.Rating)]</property>
			  <property name="MPAA">$INFO[Window(Home).Property(SetItem.6.MPAA)]</property>
			  <property name="director">$INFO[Window(Home).Property(SetItem.6.director)]</property>
              <onclick>PlayMedia($ESCINFO[Window(Home).Property(SetItem.6.Path)])</onclick>
            </item>
            <item id="7">
              <visible>!IsEmpty(Window(Home).Property(SetItem.7.art(poster)))</visible>
			  <label>$INFO[Window(Home).Property(SetItem.7.Duration)]</label>
			  <label2>$INFO[Window(Home).Property(SetItem.7.Year)]</label2>
			  <property name="rating">$INFO[Window(Home).Property(SetItem.7.Rating)]</property>
			  <property name="MPAA">$INFO[Window(Home).Property(SetItem.7.MPAA)]</property>
			  <property name="director">$INFO[Window(Home).Property(SetItem.7.director)]</property>
              <onclick>PlayMedia($ESCINFO[Window(Home).Property(SetItem.7.Path)])</onclick>
            </item>
            <item id="8">
              <visible>!IsEmpty(Window(Home).Property(SetItem.8.art(poster)))</visible>
			  <label>$INFO[Window(Home).Property(SetItem.8.Duration)]</label>
			  <label2>$INFO[Window(Home).Property(SetItem.8.Year)]</label2>
			  <property name="rating">$INFO[Window(Home).Property(SetItem.8.Rating)]</property>
			  <property name="MPAA">$INFO[Window(Home).Property(SetItem.8.MPAA)]</property>
			  <property name="director">$INFO[Window(Home).Property(SetItem.8.director)]</property>
              <onclick>PlayMedia($ESCINFO[Window(Home).Property(SetItem.8.Path)])</onclick>
            </item>
          </content>
        </control>
      </control>
      <control type="image">
        <posx>1340</posx>
        <posy>-100</posy>
        <height>1280</height>
        <width>1</width>
        <texture>lines/LineV.png</texture>
      </control>
      <control type="image">
        <visible>!SubString(ListItem.path,videodb://1/7/)</visible>
        <posy>600</posy>
        <height>1</height>
        <width>1340</width>
        <texture>lines/LineR.png</texture>
      </control>
      <control type="group">
        <control type="image">
          <visible>Container(52).OnNext | Container(52).OnPrevious | [IsEmpty(ListItem.Plot) + IsEmpty(ListItem.Art(fanart))]</visible>
          <animation effect="slide" end="-1340,0" time="500" delay="1500" reversible="false">Hidden</animation>
          <width>1340</width>
          <height>1080</height>
          <texture>images/White.png</texture>
        </control>
        <control type="image" id="777">
          <visible>Container(52).OnNext | Container(52).OnPrevious | [IsEmpty(ListItem.Plot) + !SubString(ListItem.path,videodb://1/7/)]</visible>
          <fadetime>200</fadetime>
          <animation effect="slide" end="-1340,0" time="500" delay="1500" reversible="false">Hidden</animation>
          <width>1340</width>
          <height>1080</height>
          <texture background="true">$VAR[fanart]</texture>
          <aspectratio align="left">scale</aspectratio>
        </control>
      </control>
      <control type="scrollbar" id="60">
        <posx>50r</posx>
        <posy>120</posy>
        <height>820</height>
        <onleft>50</onleft>
        <onright>-</onright>
      </control>
    </control>
    <!--LISTA GRANDE -->
    <control type="group" description="BigList">
      <visible>Control.IsVisible(51)</visible>
      <control type="image">
        <fadetime>100</fadetime>
        <include>Dimensions_Fullscreen</include>
        <info>ListItem.Art(fanart)</info>
        <colordiffuse>2BFFFFFF</colordiffuse>
      </control>
      <include>left_Panel</include>
      <control type="group">
        <include>LargeListItemCount</include>
        <posx>960</posx>
        <posy>131</posy>
        <control type="fixedlist" id="51">
          <width>920</width>
          <height>888</height>
          <onleft condition="!Skin.HasSetting(ViewsMenuOff)">9000</onleft>
          <onleft condition="Skin.HasSetting(ViewsMenuOff)">-</onleft>
          <onright condition="!Skin.HasSetting(Scrollbars_Passive)">60</onright>
          <onright condition="Skin.HasSetting(Scrollbars_Passive)">-</onright>
          <onup>51</onup>
          <ondown>51</ondown>
          <pagecontrol>60</pagecontrol>
          <viewtype label="537">Big List 51</viewtype>
          <focusposition>3</focusposition>
          <movement>4</movement>
          <preloaditems>4</preloaditems>
          <scrolltime>250</scrolltime>
          <include>LargeListLayout</include>
        </control>
      </control>
      <include>Linemiddle</include>
      <control type="scrollbar" id="60">
        <posx>39r</posx>
        <posy>135</posy>
        <height>870</height>
        <onleft>51</onleft>
        <onright>-</onright>
      </control>
    </control>
	<!--SMALL LIST-->
    <control type="group" description="List">
      <visible>Control.IsVisible(50)</visible>
      <include>left_Panel_plain</include>
      <control type="group" description="Slider and List">
        <include>SlimListItemCount</include>
        <posx>960</posx>
        <posy>131</posy>
        <include>SlimListSlider</include>
        <control type="fixedlist" id="50">
          <width>940</width>
          <height>891</height>
          <onleft condition="!Skin.HasSetting(ViewsMenuOff)">9000</onleft>
          <onleft condition="Skin.HasSetting(ViewsMenuOff)">-</onleft>
          <onright condition="!Skin.HasSetting(Scrollbars_Passive)">60</onright>
          <onright condition="Skin.HasSetting(Scrollbars_Passive)">-</onright>
          <onup>50</onup>
          <ondown>50</ondown>
          <pagecontrol>60</pagecontrol>
          <viewtype label="ATV2List">ATV2List</viewtype>
          <focusposition>5</focusposition>
          <movement>5</movement>
          <preloaditems>4</preloaditems>
          <scrolltime>250</scrolltime>
          <itemlayout condition="SubString(Container.FolderPath,plugin://,left)" width="802" height="81">
            <control type="label" description="Main Label">
              <width>820</width>
              <include>52MainLabel</include>
              <label>$INFO[ListItem.Label]</label>
            </control>
          </itemlayout>
          <focusedlayout condition="SubString(Container.FolderPath,plugin://,left)" width="802" height="81">
            <control type="label" description="Main Label">
              <width>820</width>
              <textcolor>White</textcolor>
              <textcolor>White</textcolor>
              <include>52MainLabel</include>
              <label>$INFO[ListItem.Label]</label>
            </control>
          </focusedlayout>
          <itemlayout width="880" height="81">
            <include>Watched_Marks</include>
            <include>HD_Badge</include>
            <include>ArrowNF</include>
            <control type="label" description="Main Label">
              <visible>IntegerGreaterThan(ListItem.VideoResolution,700) | ListItem.IsFolder</visible>
              <include>52MainLabel</include>
              <label>$INFO[ListItem.Label]</label>
            </control>
            <control type="label" description="Main Label">
              <visible>![IntegerGreaterThan(ListItem.VideoResolution,700) | ListItem.IsFolder]</visible>
              <width>711</width>
              <include>52MainLabel</include>
              <label>$INFO[ListItem.Label]</label>
            </control>
            <control type="label" description="Label2">
              <visible>container.content(songs) | container.content(musicvideos)</visible>
              <include>52Label2</include>
              <label>$INFO[ListItem.Duration]</label>
            </control>
          </itemlayout>
          <focusedlayout width="880" height="81">
            <include>Watched_Marks</include>
            <include>HD_Badge</include>
            <include>ArrowFO</include>
            <control type="label" description="Main Label">
              <visible>IntegerGreaterThan(ListItem.VideoResolution,700) | ListItem.IsFolder</visible>
              <textcolor>White</textcolor>
              <textcolor>White</textcolor>
              <include>52MainLabel</include>
              <label>$INFO[ListItem.Label]</label>
            </control>
            <control type="label" description="Main Label">
              <visible>![IntegerGreaterThan(ListItem.VideoResolution,700) | ListItem.IsFolder]</visible>
              <width>711</width>
              <textcolor>White</textcolor>
              <textcolor>White</textcolor>
              <include>52MainLabel</include>
              <label>$INFO[ListItem.Label]</label>
            </control>
            <control type="label" description="Label2">
              <visible>container.content(songs) | container.content(musicvideos)</visible>
              <include>52Label2FO</include>
              <label>$INFO[ListItem.Duration]</label>
            </control>
          </focusedlayout>
        </control>
      </control>
      <include>ListFade</include>
      <control type="scrollbar" id="60">
        <posx>39r</posx>
        <posy>135</posy>
        <height>870</height>
        <onright>-</onright>
        <onleft>50</onleft>
      </control>
    </control>
    <!--ICONE-->
    <control type="group" description="Icons view">
      <visible>Control.IsVisible(53)</visible>
      <control type="group">
        <control type="panel" id="53">
          <posx>60</posx>
          <posy>60</posy>
          <width>1800</width>
          <height>900</height>
          <onleft condition="!Skin.HasSetting(ViewsMenuOff)">9000</onleft>
          <onleft condition="Skin.HasSetting(ViewsMenuOff)">-</onleft>
          <onright condition="!Skin.HasSetting(Scrollbars_Passive)">60</onright>
          <onright condition="Skin.HasSetting(Scrollbars_Passive)">-</onright>
          <onup>53</onup>
          <ondown>53</ondown>
          <viewtype label="536">Grid</viewtype>
          <pagecontrol>60</pagecontrol>
          <scrolltime tween="sine" easing="inout">300</scrolltime>
          <preloaditems>2</preloaditems>
          <itemlayout condition="![Container.Content(Movies) | Container.Content(Seasons) | Container.Content(TVShows) | Container.Content(Sets) | Container.Content(Episodes)]" height="360" width="360">
            <control type="image">
              <posx>45</posx>
              <posy>9</posy>
              <width>281</width>
              <height>281</height>
              <texture diffuse="images/diffusepic.png" background="true">$INFO[ListItem.Icon]</texture>
              <aspectratio scalediffuse="false">scale</aspectratio>
            </control>
            <control type="label">
              <posx>181</posx>
              <posy>290</posy>
              <width>296</width>
              <height>45</height>
              <font>size27</font>
              <textcolor>White</textcolor>
              <shadowcolor>Black</shadowcolor>
              <align>center</align>
              <label>[B]$INFO[ListItem.Label][/B]</label>
            </control>
          </itemlayout>
          <focusedlayout condition="![Container.Content(Movies) | Container.Content(Seasons) | Container.Content(TVShows) | Container.Content(Sets) | Container.Content(Episodes)]" height="360" width="360">
            <control type="image">
              <posx>45</posx>
              <posy>9</posy>
              <width>281</width>
              <height>281</height>
              <texture diffuse="images/diffusepic.png" background="true">$INFO[ListItem.Icon]</texture>
              <aspectratio scalediffuse="false">scale</aspectratio>
            </control>
            <control type="label">
              <posx>181</posx>
              <posy>290</posy>
              <width>296</width>
              <height>45</height>
              <font>size27</font>
              <textcolor>White</textcolor>
              <shadowcolor>Black</shadowcolor>
              <align>center</align>
              <label>[B]$INFO[ListItem.Label][/B]</label>
            </control>
            <control type="group" description="Selection">
              <include>Scrollanim</include>
              <control type="image">
                <animation effect="fade" start="0" end="100" time="100" reversible="false">Focus</animation>
                <animation effect="fade" start="100" end="0" time="50" reversible="false">unFocus</animation>
                <posx>45</posx>
                <posy>9</posy>
                <width>281</width>
                <height>281</height>
                <texture>images/picselection.png</texture>
                <aspectratio>stretch</aspectratio>
              </control>
            </control>
          </focusedlayout>
          <itemlayout condition="Container.Content(Movies) | Container.Content(Seasons) | Container.Content(TVShows) | Container.Content(Sets)" height="380" width="257">
            <!--control type="image">
              <animation effect="fade" start="100" end="10" time="200">Focus</animation>
              <posx>35</posx>
              <posy>320</posy>
              <width>197</width>
              <height>294</height>
              <texture flipy="true" diffuse="images/Reflection0.png" background="true" >$VAR[Locandine]</texture>
              <aspectratio>scale</aspectratio>
            </control-->
            <control type="image">
              <posx>35</posx>
              <posy>24</posy>
              <width>197</width>
              <height>294</height>
              <texture background="true">$VAR[Locandine]</texture>
              <aspectratio>scale</aspectratio>
            </control>
            <control type="group">
              <visible>container.content(TVshows) | container.content(seasons)</visible>
              <control type="image">
                <visible>IntegerGreaterThan(ListItem.Property(UnwatchedEpisodes),0)</visible>
                <posx>123</posx>
                <posy>276</posy>
                <height>45</height>
                <width>150</width>
                <aspectratio>keep</aspectratio>
                <texture>badges/BadgeCount.png</texture>
              </control>
              <control type="label" description="Label2">
                <visible>IntegerGreaterThan(ListItem.Property(UnwatchedEpisodes),0)</visible>
                <posx>197</posx>
                <posy>270</posy>
                <height>45</height>
                <width>150</width>
                <font>size24</font>
                <scroll>true</scroll>
                <align>center</align>
                <scroll>false</scroll>
                <textcolor>White</textcolor>
                <label>[B]$INFO[ListItem.Property(UnwatchedEpisodes)][/B]</label>
              </control>
            </control>
            <control type="image" description="WatchStatus">
              <visible>!SubString(ListItem.Path,videodb://1/7)</visible>
              <posx>30</posx>
              <posy>290</posy>
              <height>32</height>
              <width>60</width>
              <aspectratio align="left">keep</aspectratio>
              <texture>$VAR[WatchStatus]</texture>
            </control>
          </itemlayout>
          <focusedlayout condition="Container.Content(Movies) | Container.Content(Seasons) | Container.Content(TVShows) | Container.Content(Sets)" height="380" width="257">
            <!--control type="image">
              <animation effect="fade" start="100" end="10" time="200">Focus</animation>
              <posx>35</posx>
              <posy>320</posy>
              <width>197</width>
              <height>294</height>
              <texture flipy="true" diffuse="images/Reflection0.png" background="true" >$VAR[Locandine]</texture>
              <aspectratio>scale</aspectratio>
            </control-->
            <control type="image">
              <posx>35</posx>
              <posy>24</posy>
              <width>197</width>
              <height>294</height>
              <texture background="true">$VAR[Locandine]</texture>
              <aspectratio>scale</aspectratio>
            </control>
            <control type="textbox">
              <animation effect="fade" start="0" end="100" time="200" delay="100">Focus</animation>
              <posy>330</posy>
              <width>275</width>
              <height>65</height>
              <font>size26</font>
              <textcolor>White</textcolor>
              <align>center</align>
			  <autoscroll>true</autoscroll>
              <label>$INFO[ListItem.Label]</label>
            </control>
            <control type="group">
              <visible>container.content(TVshows) | container.content(seasons)</visible>
              <control type="image">
                <visible>IntegerGreaterThan(ListItem.Property(UnwatchedEpisodes),0)</visible>
                <posx>123</posx>
                <posy>276</posy>
                <height>45</height>
                <width>150</width>
                <aspectratio>keep</aspectratio>
                <texture>badges/BadgeCount.png</texture>
              </control>
              <control type="label" description="Label2">
                <visible>IntegerGreaterThan(ListItem.Property(UnwatchedEpisodes),0)</visible>
                <posx>197</posx>
                <posy>270</posy>
                <height>45</height>
                <width>150</width>
                <font>size24</font>
                <scroll>true</scroll>
                <align>center</align>
                <scroll>false</scroll>
                <textcolor>White</textcolor>
                <label>[B]$INFO[ListItem.Property(UnwatchedEpisodes)][/B]</label>
              </control>
            </control>
            <control type="image" description="WatchStatus">
              <visible>!SubString(ListItem.Path,videodb://1/7)</visible>
              <posx>30</posx>
              <posy>290</posy>
              <height>32</height>
              <width>60</width>
              <aspectratio align="left">keep</aspectratio>
              <texture>$VAR[WatchStatus]</texture>
            </control>
            <control type="group" description="Selection">
              <include>Scrollanim</include>
              <control type="image">
                <animation effect="fade" start="0" end="100" time="100" reversible="false">Focus</animation>
                <animation effect="fade" start="100" end="0" time="50" reversible="false">unFocus</animation>
                <posx>19</posx>
                <posy>9</posy>
                <width>228</width>
                <height>323</height>
                <texture border="20">images/GeneralSlider.png</texture>
                <aspectratio>stretch</aspectratio>
              </control>
            </control>
          </focusedlayout>
          <itemlayout condition="Container.Content(Episodes)" height="375" width="450">
            <control type="image">
              <posx>45</posx>
              <posy>24</posy>
              <width>360</width>
              <height>255</height>
              <texture>images/ThumbBorder2.png</texture>
              <aspectratio>stretch</aspectratio>
            </control>
            <control type="image">
              <visible>container.content(episodes)</visible>
              <posx>45</posx>
              <posy>24</posy>
              <width>360</width>
              <height>255</height>
              <texture background="true">$INFO[ListItem.Icon]</texture>
              <aspectratio>scale</aspectratio>
            </control>
            <control type="image">
              <visible>![container.content(episodes)]</visible>
              <posx>45</posx>
              <posy>24</posy>
              <width>360</width>
              <height>255</height>
              <texture background="true">$INFO[ListItem.Icon]</texture>
              <aspectratio>keep</aspectratio>
            </control>
            <control type="image" description="WatchStatus">
              <visible>!SubString(ListItem.Path,videodb://1/7)</visible>
              <posx>40</posx>
              <posy>251</posy>
              <height>32</height>
              <width>60</width>
              <aspectratio align="left">keep</aspectratio>
              <texture>$VAR[WatchStatus]</texture>
            </control>
          </itemlayout>
          <focusedlayout condition="Container.Content(Episodes)" height="375" width="450">
            <control type="image">
              <posx>45</posx>
              <posy>24</posy>
              <width>360</width>
              <height>255</height>
              <texture>images/ThumbBorder2.png</texture>
              <aspectratio>stretch</aspectratio>
            </control>
            <control type="image">
              <visible>container.content(episodes)</visible>
              <posx>45</posx>
              <posy>24</posy>
              <width>360</width>
              <height>255</height>
              <texture background="true">$INFO[ListItem.Icon]</texture>
              <aspectratio>scale</aspectratio>
            </control>
            <control type="image">
              <visible>![container.content(episodes)]</visible>
              <posx>45</posx>
              <posy>24</posy>
              <width>360</width>
              <height>255</height>
              <texture background="true">$INFO[ListItem.Icon]</texture>
              <aspectratio>keep</aspectratio>
            </control>
            <control type="label">
              <animation effect="fade" start="0" end="100" time="200" delay="100">Focus</animation>
              <posx>225</posx>
              <posy>300</posy>
              <width>420</width>
              <height>45</height>
              <font>size27</font>
              <textcolor>White</textcolor>
              <shadowcolor>Black</shadowcolor>
              <align>center</align>
              <label>[B]$INFO[ListItem.Label][/B]</label>
            </control>
            <control type="image" description="WatchStatus">
              <visible>!SubString(ListItem.Path,videodb://1/7)</visible>
              <posx>40</posx>
              <posy>251</posy>
              <height>32</height>
              <width>60</width>
              <aspectratio align="left">keep</aspectratio>
              <texture>$VAR[WatchStatus]</texture>
            </control>
            <control type="group" description="Selection">
              <include>Scrollanim</include>
              <control type="image">
                <animation effect="fade" start="0" end="100" time="100" reversible="false">Focus</animation>
                <animation effect="fade" start="100" end="0" time="50" reversible="false">unFocus</animation>
                <posx>30</posx>
                <posy>11</posy>
                <width>386</width>
                <height>280</height>
                <texture border="20">images/GeneralSlider.png</texture>
                <aspectratio>stretch</aspectratio>
              </control>
            </control>
          </focusedlayout>
        </control>
      </control>
      <control type="image" description="Line Split">
        <posx>260</posx>
        <posy>60</posy>
        <width>1500</width>
        <height>1</height>
        <texture>lines/Line.png</texture>
        <aspectratio>stretch</aspectratio>
      </control>
      <control type="image" description="shade">
        <width>1920</width>
        <height>1080</height>
        <texture>Shades/iconvshade.png</texture>
      </control>
      <control type="label" description="Media title">
        <posx>60</posx>
        <posy>910</posy>
        <width>1800</width>
        <font>size42B</font>
        <textcolor>Black</textcolor>
        <align>center</align>
        <label>$INFO[ListItem.label]</label>
      </control>
      <control type="label" description="Media details">
        <posx>60</posx>
        <posy>955</posy>
        <width>1800</width>
        <textcolor>Black3</textcolor>
        <align>center</align>
        <font>Size13</font>
        <label>[COLOR=Grey]$VAR[TopLabel,  ][/COLOR]</label>
      </control>
      <control type="image" description="Stars">
        <posx>350r</posx>
        <posy>957</posy>
        <visible>!IsEmpty(ListItem.Rating)</visible>
        <height>126</height>
        <width>243</width>
        <aspectratio align="right">keep</aspectratio>
        <texture>$INFO[ListItem.Rating,badges/,.png]</texture>
      </control>
      <control type="grouplist">
        <posx>0</posx>
        <posy>980</posy>
        <height>50</height>
        <width>1720</width>
        <itemgap>15</itemgap>
        <orientation>horizontal</orientation>
        <control type="image" description="Sets">
          <visible>SubString(ListItem.Path,videodb://1/7)</visible>
          <height>33</height>
          <width>60</width>
          <aspectratio>keep</aspectratio>
          <texture>badges/setsFO.png</texture>
        </control>
        <control type="image">
          <height>50</height>
          <width>50</width>
          <aspectratio>keep</aspectratio>
          <texture>$INFO[ListItem.VideoResolution,badges/Video/,.png]</texture>
        </control>
        <control type="image">
          <height>50</height>
          <width>50</width>
          <aspectratio>keep</aspectratio>
          <texture>$INFO[ListItem.AudioCodec,badges/Audio/,.png]</texture>
        </control>
        <control type="image">
          <height>50</height>
          <width>50</width>
          <aspectratio>keep</aspectratio>
          <texture>$INFO[ListItem.VideoCodec,badges/Video/,.png]</texture>
        </control>
        <control type="image">
          <height>50</height>
          <width>50</width>
          <aspectratio>keep</aspectratio>
          <texture>$INFO[ListItem.FileExtension,badges/Video/,.png]</texture>
        </control>
        <control type="image">
          <visible>!IsEmpty(ListItem.Mpaa) + Container.Content(Movies)</visible>
          <height>50</height>
          <width>50</width>
          <aspectratio>keep</aspectratio>
          <texture>$VAR[MPAAS,Mpaa/,.png]</texture>
        </control>
      </control>
      <control type="scrollbar" id="60">
        <posx>30r</posx>
        <posy>100</posy>
        <height>800</height>
        <onleft>53</onleft>
        <onright>-</onright>
      </control>
      <control type="image" description="Line Split">
        <posx>260</posx>
        <posy>1030</posy>
        <width>1500</width>
        <height>1</height>
        <texture>lines/Line.png</texture>
        <aspectratio>stretch</aspectratio>
      </control>
    </control>
    <!--BANNERS-->
    <control type="group" description="BANNERS">
      <visible>Control.IsVisible(55)</visible>
      <control type="group" description="Container and frame">
        <control type="image">
          <include>Dimensions_Fullscreen</include>
          <include>Fanart_Fade</include>
          <texture background="true">$INFO[ListItem.Property(fanart_image)]</texture>
          <colordiffuse>55AAAABB</colordiffuse>
          <aspectratio>scale</aspectratio>
        </control>
        <control type="fixedlist" id="55" description="bannerlist">
          <visible>container.content(tvshows)</visible>
          <visible>!IsEmpty(Container.FolderPath)</visible>
          <viewtype label="539">Banners</viewtype>
          <posx>60</posx>
          <posy>140</posy>
          <width>1800</width>
          <height>928</height>
          <orientation>vertical</orientation>
          <focusposition>1</focusposition>
          <preloaditems>2</preloaditems>
          <onup>-</onup>
          <ondown>-</ondown>
          <onleft condition="!Skin.HasSetting(ViewsMenuOff)">9000</onleft>
          <onright condition="Skin.HasSetting(Scrollbars_Active)">60</onright>
          <preloaditems>4</preloaditems>
          <pagecontrol>60</pagecontrol>
          <scrolltime>300</scrolltime>
          <itemlayout condition="container.content(tvshows)" height="200" width="1800">
            <control type="image">
              <posx>521</posx>
              <posy>80</posy>
              <width>758</width>
              <height>140</height>
              <texture background="true" diffuse="images/DiffuseBanner.png">$INFO[ListItem.Art(banner)]</texture>
              <aspectratio>keep</aspectratio>
            </control>
            <control type="image">
              <visible>StringCompare(ListItem.Label,..)</visible>
              <posx>521</posx>
              <posy>80</posy>
              <width>758</width>
              <height>140</height>
              <texture background="true">DefaultFolderBack.png</texture>
              <aspectratio>keep</aspectratio>
            </control>
            <control type="image">
              <visible>IntegerGreaterThan(ListItem.Property(UnwatchedEpisodes),0)</visible>
              <posx>1200</posx>
              <posy>130</posy>
              <height>45</height>
              <width>150</width>
              <aspectratio>keep</aspectratio>
              <texture background="true">badges/BadgeCount.png</texture>
            </control>
            <control type="label" description="Label2">
              <visible>IntegerGreaterThan(ListItem.Property(UnwatchedEpisodes),0)</visible>
              <posx>1275</posx>
              <posy>125</posy>
              <height>45</height>
              <width>150</width>
              <font>size26</font>
              <scroll>true</scroll>
              <align>center</align>
              <scroll>false</scroll>
              <textcolor>White</textcolor>
              <label>[B]$INFO[ListItem.Property(UnwatchedEpisodes)][/B]</label>
            </control>
            <control type="image">
              <visible>!StringCompare(ListItem.Label,..)</visible>
              <posy>125</posy>
              <posx>490</posx>
              <width>50</width>
              <height>50</height>
              <texture>$VAR[MPAAS,Mpaa/,.png]</texture>
            </control>
          </itemlayout>
          <focusedlayout condition="container.content(tvshows)" height="200" width="1800">
            <control type="group">
              <animation effect="zoom" end="150" center="880,150" time="350">Focus</animation>
              <animation effect="zoom" start="150" end="100" center="880,150" time="350">unFocus</animation>
              <control type="image">
                <visible>StringCompare(ListItem.Label,..)</visible>
                <posx>521</posx>
                <posy>80</posy>
                <width>758</width>
                <height>140</height>
                <texture background="true">DefaultFolderBack.png</texture>
                <aspectratio>keep</aspectratio>
              </control>
              <control type="image">
                <posx>521</posx>
                <posy>80</posy>
                <width>758</width>
                <height>140</height>
                <texture background="true" diffuse="images/DiffuseBanner.png">$INFO[ListItem.Art(banner)]</texture>
                <aspectratio>keep</aspectratio>
              </control>
              <control type="image">
                <posx>521</posx>
                <posy>79</posy>
                <width>758</width>
                <height>142</height>
                <texture background="true">images/BannerOverlay.png</texture>
                <aspectratio>keep</aspectratio>
              </control>
              <control type="image">
                <visible>IntegerGreaterThan(ListItem.Property(UnwatchedEpisodes),0)</visible>
                <posx>1200</posx>
                <posy>130</posy>
                <height>45</height>
                <width>150</width>
                <aspectratio>keep</aspectratio>
                <texture background="true">badges/BadgeCount.png</texture>
              </control>
              <control type="label" description="Label2">
                <visible>IntegerGreaterThan(ListItem.Property(UnwatchedEpisodes),0)</visible>
                <posx>1275</posx>
                <posy>125</posy>
                <height>45</height>
                <width>150</width>
                <font>size26</font>
                <scroll>true</scroll>
                <align>center</align>
                <scroll>false</scroll>
                <textcolor>White</textcolor>
                <label>[B]$INFO[ListItem.Property(UnwatchedEpisodes)][/B]</label>
              </control>
              <control type="image">
                <visible>!StringCompare(ListItem.Label,..)</visible>
                <posy>125</posy>
                <posx>490</posx>
                <width>50</width>
                <height>50</height>
                <texture>$VAR[MPAAS,Mpaa/,.png]</texture>
              </control>
            </control>
          </focusedlayout>
        </control>
      </control>
      <control type="image" description="Line Split">
        <posx>129</posx>
        <posy>140</posy>
        <width>1674</width>
        <height>1</height>
        <texture>lines/LineL.png</texture>
        <aspectratio>stretch</aspectratio>
      </control>
      <control type="grouplist" description="Media Header">
        <posx>40</posx>
        <posy>3</posy>
        <width>930</width>
        <height>75</height>
        <align>left</align>
        <aligny>bottom</aligny>
        <orientation>horizontal</orientation>
        <control type="label" id="7777" description="Heading">
          <width min="60" max="930">auto</width>
          <height>75</height>
          <font>size28</font>
          <textcolor>White</textcolor>
          <label>$VAR[RootLabel]</label>
        </control>
        <control type="label" description="Number of files">
          <visible>!IsEmpty(Control.GetLabel(7777))</visible>
          <width min="60" max="120">auto</width>
          <height>81</height>
          <font>size26</font>
          <textcolor>Grey</textcolor>
          <label>$INFO[Container.NumItems,  (,)]</label>
        </control>
      </control>
      <control type="label" description="Media details">
        <posx>129</posx>
        <posy>90</posy>
        <width>1350</width>
        <textcolor>Black3</textcolor>
        <include>Genre51Commons</include>
        <label>$INFO[ListItem.Label]  [COLOR=Grey]$VAR[TopLabel][/COLOR]</label>
      </control>
      <control type="image" description="Rating">
        <visible>!IsEmpty(ListItem.Rating)</visible>
        <posx>240r</posx>
        <posy>90</posy>
        <height>24</height>
        <width>135</width>
        <aspectratio align="right">keep</aspectratio>
        <texture>$INFO[ListItem.Rating,badges/,.png]</texture>
      </control>
      <control type="image" description="Bottom fade">
        <posy>870</posy>
        <width>1920</width>
        <height>210</height>
        <texture>images/DefaultGradient.png</texture>
        <aspectratio>stretch</aspectratio>
      </control>
      <control type="scrollbar" id="60">
        <posx>45r</posx>
        <posy>219</posy>
        <height>780</height>
        <onleft>53</onleft>
        <onright>9000</onright>
      </control>
    </control>
    <!--FANART-->
    <control type="group" description="Fanart">
      <visible>Control.IsVisible(500)</visible>
      <control type="image">
        <include>Dimensions_Fullscreen</include>
        <include>Fanart_Fade</include>
        <texture background="true">$INFO[ListItem.Property(fanart_image)]</texture>
        <colordiffuse>55AAAABB</colordiffuse>
        <aspectratio>scale</aspectratio>
      </control>
      <control type="fixedlist" id="500" description="Shortcuts">
        <visible>Container.content(movies) | container.content(seasons) | container.content(tvshows)</visible>
        <onup condition="!Skin.HasSetting(ViewsMenuOff)">9000</onup>
        <onup condition="Skin.HasSetting(ViewsMenuOff)">-</onup>
        <ondown condition="!Skin.HasSetting(Scrollbars_Passive)">60</ondown>
        <ondown condition="Skin.HasSetting(Scrollbars_Passive)">-</ondown>
        <onleft>500</onleft>
        <onright>500</onright>
        <viewtype label="$LOCALIZE[20445]">Fanart</viewtype>
        <posx>-210</posx>
        <posy>570</posy>
        <width>2200</width>
        <height>700</height>
        <orientation>horizontal</orientation>
        <scrolltime>300</scrolltime>
        <focusposition>1</focusposition>
        <preloaditems>2</preloaditems>
        <pagecontrol>60</pagecontrol>
        <itemlayout width="300" height="500">
          <control type="image" description="Reflection">
            <posx>85</posx>
            <posy>440</posy>
            <height>350</height>
            <width>230</width>
            <texture background="true" diffuse="images/ReflectionShelf.png" flipy="true">$VAR[Locandine]</texture>
            <aspectratio>scale</aspectratio>
          </control>
          <control type="image" description="Thumb">
            <posx>85</posx>
            <posy>80</posy>
            <height>350</height>
            <width>230</width>
            <texture background="true">$VAR[Locandine]</texture>
            <aspectratio>scale</aspectratio>
          </control>
          <control type="image" description="WatchStatus">
            <posx>76</posx>
            <posy>380</posy>
            <height>60</height>
            <width>60</width>
            <aspectratio align="left">keep</aspectratio>
            <texture>$VAR[WatchStatus]</texture>
          </control>
        </itemlayout>
        <focusedlayout width="300" height="500">
          <control type="group">
            <animation effect="zoom" end="150" center="178,430" time="300" tween="Quadratic" easing="in">Focus</animation>
            <animation effect="zoom" start="150" end="100" center="178,430" time="120">unFocus</animation>
            <control type="image" description="black">
              <posx>77</posx>
              <posy>72</posy>
              <height>366</height>
              <width>246</width>
              <texture background="true">images/White.png</texture>
              <colordiffuse>AA000000</colordiffuse>
              <aspectratio>stretch</aspectratio>
            </control>
            <control type="image" description="white">
              <visible>!ListItem.IsFolder</visible>
              <posx>84</posx>
              <posy>79</posy>
              <height>352</height>
              <width>232</width>
              <texture background="true">images/White.png</texture>
              <aspectratio>stretch</aspectratio>
              <colordiffuse>FF0000FF</colordiffuse>
            </control>
            <control type="image" description="THUMBNAIL">
              <posx>85</posx>
              <posy>80</posy>
              <height>350</height>
              <width>230</width>
              <texture background="true" fallback="DefaultVideoCover.png">$VAR[Locandine]</texture>
              <aspectratio>scale</aspectratio>
            </control>
            <control type="image" description="WatchStatus">
              <posx>76</posx>
              <posy>380</posy>
              <height>60</height>
              <width>60</width>
              <aspectratio align="left">keep</aspectratio>
              <texture>$VAR[WatchStatus]</texture>
            </control>
          </control>
        </focusedlayout>
      </control>
      <control type="image" description="LeftFade">
        <include>VisibleFade</include>
        <width>15</width>
        <height>1080</height>
        <texture>images/DefaultGradientH.png</texture>
        <aspectratio>stretch</aspectratio>
      </control>
      <control type="image" description="RightFade">
        <include>VisibleFade</include>
        <posx>1906</posx>
        <width>15</width>
        <height>1080</height>
        <texture flipx="true">images/DefaultGradientH.png</texture>
        <aspectratio>stretch</aspectratio>
      </control>
      <control type="group" description="Media Info">
        <visible>!StringCompare(ListItem.label,..)</visible>
        <posy>40</posy>
        <posx>98</posx>
        <control type="image" description="Stars rating">
          <posx>1590</posx>
          <posy>435</posy>
          <height>45</height>
          <width>135</width>
          <aspectratio aligny="center" align="right">keep</aspectratio>
          <texture>$INFO[ListItem.Rating,badges/,.png]</texture>
        </control>
        <control type="label" description="Item Title">
          <font>size42B</font>
          <textcolor>White</textcolor>
		  <shadowcolor>Black</shadowcolor>
          <align>center</align>
          <width>1724</width>
          <info>ListItem.Label</info>
        </control>
        <control type="image" description="Line Split">
          <posx>450</posx>
          <posy>515</posy>
          <width>1300</width>
          <height>1</height>
          <texture>lines/LineL.png</texture>
          <aspectratio>stretch</aspectratio>
        </control>
        <control type="group">
          <!--<visible>!SubString(ListItem.Path,videodb://1/7)</visible>-->
          <control type="image" description="lineplot">
            <posy>70</posy>
            <posx>550</posx>
            <width>620</width>
            <height>1</height>
            <texture>lines/Line.png</texture>
          </control>
          <control type="image" description="lineplot">
            <posy>80</posy>
            <width>1724</width>
            <height>1</height>
            <texture>lines/Line.png</texture>
          </control>
          <control type="textbox" description="Plot">
            <posy>80</posy>
            <width>1724</width>
            <height>330</height>
            <font>size30</font>
            <textcolor>Black3</textcolor>
            <align>justify</align>
            <autoscroll delay="7000" time="4300" repeat="10000"></autoscroll>
            <label>$INFO[ListItem.Plot]</label>
            <!--<label>[B]$LOCALIZE[207] :[/B] $VAR[Plots]</label>-->
          </control>
          <control type="image" description="lineplot">
            <posy>410</posy>
            <width>1724</width>
            <height>1</height>
            <texture>lines/Line.png</texture>
          </control>
          <control type="label">
            <posy>440</posy>
            <font>size27</font>
            <height>40</height>
            <align>center</align>
            <width>1724</width>
            <label>$VAR[TopLabel]</label>
          </control>
          <control type="grouplist" description="Flags">
            <posy>540</posy>
            <width min="90" max="1724">auto</width>
            <height>150</height>
            <itemgap>30</itemgap>
            <orientation>horizontal</orientation>
            <align>center</align>
            <control type="image">
              <height>50</height>
              <width>130</width>
              <bordersize>3</bordersize>
              <aspectratio>keep</aspectratio>
              <colordiffuse>Silver</colordiffuse>
              <texture>$INFO[ListItem.VideoResolution,badges/video/,.png]</texture>
            </control>
            <control type="image">
              <visible>!IsEmpty(ListItem.VideoCodec)</visible>
              <height>50</height>
              <width>130</width>
              <bordersize>3</bordersize>
              <aspectratio>keep</aspectratio>
              <colordiffuse>Silver</colordiffuse>
              <texture>$INFO[ListItem.VideoCodec,badges/video/,.png]</texture>
            </control>
            <control type="image">
              <visible>!IsEmpty(ListItem.AudioChannels)</visible>
              <height>50</height>
              <width>130</width>
              <bordersize>3</bordersize>
              <aspectratio>keep</aspectratio>
              <colordiffuse>Silver</colordiffuse>
              <texture>$INFO[ListItem.AudioChannels,badges/channels,.png]</texture>
            </control>
            <control type="image">
              <visible>!IsEmpty(ListItem.AudioCodec)</visible>
              <height>50</height>
              <width>130</width>
              <bordersize>3</bordersize>
              <aspectratio>keep</aspectratio>
              <colordiffuse>Silver</colordiffuse>
              <texture>$INFO[ListItem.AudioCodec,badges/audio/,.png]</texture>
            </control>
            <control type="image">
              <height>50</height>
              <width>130</width>
              <bordersize>3</bordersize>
              <aspectratio>keep</aspectratio>
              <colordiffuse>Silver</colordiffuse>
              <texture>$INFO[ListItem.FileExtension,badges/video/,.png]</texture>
            </control>
          </control>
          <control type="label" description="Genre">
            <posy>470</posy>
            <font>size27</font>
            <width>1724</width>
            <height>50</height>
            <align>center</align>
            <label>[COLOR=Grey]$LOCALIZE[515]:[/COLOR] $INFO[ListItem.Genre]</label>
          </control>
        </control>
      </control>
      <include>Unwatched</include>
      <control type="scrollbar" id="60">
        <animation effect="fade" delay="200" time="300">VisibleChange</animation>
        <posx>198</posx>
        <posy>1038</posy>
        <width>1525</width>
        <height>9</height>
        <onup>500</onup>
        <ondown>500</ondown>
        <orientation>horizontal</orientation>
        <texturesliderbackground border="6">Scrollbar/HScrollbarBG.png</texturesliderbackground>
        <texturesliderbar border="6">Scrollbar/HScrollerNF.png</texturesliderbar>
        <texturesliderbarfocus border="6">Scrollbar/HScrollerFO.png</texturesliderbarfocus>
        <showonepage>false</showonepage>
      </control>
    </control>
    <control type="label">
      <animation effect="slide" end="-860,14" condition="Control.IsVisible(53)">Conditional</animation>
      <description>Page Count Label</description>
      <posx>40r</posx>
      <posy>50r</posy>
      <width>500</width>
      <height>20</height>
      <font>font12</font>
      <textcolor>Grey</textcolor>
      <scroll>false</scroll>
      <align>right</align>
      <aligny>center</aligny>
      <label>$LOCALIZE[31000] ([COLOR=White]$INFO[Container.CurrentPage]/$INFO[Container.NumPages][/COLOR])</label>
    </control>
  </include>
</includes>
