﻿<window id="126">
  <defaultcontrol always="true">450</defaultcontrol>
  <allowoverlay>no</allowoverlay>
  <include>OpenClose</include>
    <controls>
    <include>Backgroundcolor</include>
    <control type="group">
      <include>Backgroundcolor</include>
      <control type="label" id="411" description="Heading">
        <include>HeadingR</include>
        <label>-</label>
      </control>
      <control type="group" description="Group 450 No Thumbs">
        <control type="group">
          <posy>142</posy>
          <posx>960</posx>
          <control type="list" id="450">
            <width>900</width>
            <height>830</height>
            <onleft>9000</onleft>
            <onright condition="!Skin.HasSetting(Scrollbars_Passive)">60</onright>
            <onup>450</onup>
            <ondown>450</ondown>
            <pagecontrol>60</pagecontrol>
            <scrolltime tween="sine" easing="inout">280</scrolltime>
            <itemlayout width="862" height="81">
			<include>listline</include>
              <include>ArrowNF</include>
              <control type="label" description="Main Label">
                <include>52MainLabel</include>
                <label>$INFO[ListItem.Label]</label>
              </control>
            </itemlayout>
            <focusedlayout width="862" height="81">
			<include>listline</include>
			<include>SmallSelector</include>
             <include>ArrowFO</include>
              <control type="label" description="Main Label">
                <textcolor>White</textcolor>

<include>52MainLabel</include>
                <label>$INFO[ListItem.Label]</label>
              </control>
            </focusedlayout>
          </control>
        </control>
      </control>
    </control>
    <control type="group" description="Group 451 Thumbs">
      <control type="group" description="Slider and List">
        <posx>960</posx>
      <posy>131</posy>
        <control type="panel" id="451">
          <width>902</width>
          <height>885</height>
          <onleft>9000</onleft>
          <onright condition="!Skin.HasSetting(Scrollbars_Passive)">60</onright>
          <onup>451</onup>
          <ondown>451</ondown>
          <pagecontrol>60</pagecontrol>
          <focusposition>3</focusposition>
          <movement>4</movement>
          <scrolltime tween="sine" easing="inout">280</scrolltime>
          <itemlayout width="882" height="111">
		   <include>listline</include>
            <include>ListBG</include>
            <control type="image">
              <height>111</height>
              <width>111</width>
              <bordersize>6</bordersize>
              <texture>$INFO[ListItem.Icon]</texture>
              <aspectratio>keep</aspectratio>
            </control>
            <control type="label" description="Main Label">
              <visible>!StringCompare(ListItem.Label,..)</visible>
			  <width>700</width>
               <include>BigListTitle</include>
              <label>$INFO[ListItem.Label]</label>
            </control>
			<control type="label" description="Main Label">
               <include>BigListDetails</include>
              <label>$INFO[ListItem.Size]</label>
            </control>
          </itemlayout>
          <focusedlayout width="882" height="111">
		  <include>listline</include>
		  <include>LargeSelector</include>
            <include>ArrowFO</include>
            <control type="image">
              <height>111</height>
              <width>111</width>
              <bordersize>6</bordersize>
              <texture>$INFO[ListItem.Icon]</texture>
              <aspectratio>keep</aspectratio>
            </control>
            <control type="label" description="Main Label">
			<visible>!StringCompare(ListItem.Label,..)</visible>
			<width>700</width>
               <include>BigListTitleFO</include>
              <label>$INFO[ListItem.Label]</label>
            </control>
			<control type="label" description="Main Label">
               <include>BigListDetailsFO</include>
              <label>$INFO[ListItem.Size]</label>
            </control>
          </focusedlayout>
        </control>
      </control>
    </control>
    <control type="group" description="Thumbs">
      <posx>110</posx>
      <posy>215</posy>
      <control type="image" description="Item Thumb">
        <visible>!SubString(Control.GetLabel(416),*)</visible>
        <width>765</width>
        <height>650</height>
        <fadetime>200</fadetime>
        <texture>$INFO[ListItem.Icon]</texture>
        <aspectratio>keep</aspectratio>
      </control>
      <control type="image" description="Item Thumb">
        <visible>SubString(Control.GetLabel(416),*)</visible>
        <width>765</width>
        <height>650</height>
        <fadetime>200</fadetime>
        <texture flipx="true">$INFO[ListItem.Icon]</texture>
        <aspectratio>keep</aspectratio>
      </control>
    </control>
	<include>Linemiddle</include>
    <control type="group" description="Side menu 9000 group">
      <visible allowhiddenfocus="true">ControlGroup(9000).HasFocus()</visible>
      <include>DialogOpenCloseVisible</include>
      <control type="image" description="List back">
        <posx>540</posx>
        <posy>255</posy>
        <width>840</width>
        <height>570</height>
        <aspectratio>stretch</aspectratio>
        <texture border="150">images/Dialog.png</texture>
      </control>
      <control type="grouplist" id="9000">
        <onleft>450</onleft>
        <onright>450</onright>
        <include>DialogGLs</include>
        <control type="button" id="413" description="Ok">
          <include>DialogButt</include>
          <label>186</label>
        </control>
        <control type="button" id="414" description="Cancel">
          <include>DialogButt</include>
          <label>222</label>
        </control>
        <control type="button" id="415" description="Create folder">
          <include>DialogButt</include>
          <label>119</label>
        </control>
        <control type="radiobutton" id="416" description="Horizontal Flip">
          <radioposx>630</radioposx>
          <include>DialogButt</include>
          <label>$LOCALIZE[749]</label>
        </control>
      </control>
    </control>
    <control type="label" id="412" description="Main Label">
      <posx>30</posx>
      <posy>1029</posy>
      <height>45</height>
      <width>1050</width>
      <scroll>false</scroll>
      <haspath>true</haspath>
      <font>size22</font>
      <textcolor>Grey</textcolor>
      <label>$INFO[ListItem.Label]</label>
    </control>
    <control type="scrollbar" id="60">
      <posx>51r</posx>
      <posy>147</posy>
      <height>882</height>
      <onleft>450</onleft>
      <onright>9000</onright>
    </control>
	
  </controls>
</window>
