<window id="103">
  <defaultcontrol always="true">65</defaultcontrol>
  <allowoverlay>no</allowoverlay>
  <controls>
    <control type="group">
      <visible>!Window.IsVisible(numericinput)</visible>
      <animation type="WindowOpen">
        <effect type="fade" start="0" end="100" time="300" />
        <effect type="slide" start="-1200,0" end="0,0" center="auto" time="700" tween="cubic" easing="inout" />
      </animation>
      <animation type="WindowClose">
        <effect type="fade" start="100" end="0" time="300" />
      </animation>
      <control type="image" description="List back">
        <posx>-50</posx>
        <posy>-50</posy>
        <width>1085</width>
        <height>1200</height>
        <aspectratio>stretch</aspectratio>
        <texture border="150">images/Dialog.png</texture>
      </control>
      <control type="label" id="311" description="Heading">
        <posx>110</posx>
        <posy>80</posy>
        <width>870</width>
        <font>size33</font>
        <align>left</align>
      </control>
      <control type="group">
        <posx>0</posx>
        <posy>150</posy>
        <control type="label" id="310" description="Edit Text">
          <posx>122</posx>
          <posy>6</posy>
          <width>735</width>
          <height>60</height>
          <align>left</align>
          <aligny>center</aligny>
          <textcolor>White</textcolor>
          <font>size36B</font>
          <scroll>true</scroll>
        </control>
        <control type="image" description="EditArea">
          <posx>110</posx>
          <width>760</width>
          <height>84</height>
          <aspectratio>stretch</aspectratio>
          <texture>images/textedit.png</texture>
        </control>
        <control type="grouplist" id="9002" description="functions">
          <orientation>horizontal</orientation>
          <posx>110</posx>
          <posy>110</posy>
          <width>760</width>
          <align>center</align>
          <itemgap>0</itemgap>
          <ondown>65</ondown>
          <control type="togglebutton" id="302" description="Shift">
            <include>Keyboardbuttons</include>
            <label>Abc</label>
          </control>
          <control type="togglebutton" id="303" description="capslock">
            <include>Keyboardbuttons</include>
            <label>ABC</label>
          </control>
          <control type="togglebutton" id="304" description="symbols">
            <include>Keyboardbuttons</include>
            <label># + -</label>
          </control>
          <control type="button" id="307" description="ip">
            <include>Keyboardbuttons</include>
            <label>0.0.0.0</label>
          </control>
          <control type="button" id="909001" description="cyrillic">
            <include>Keyboardbuttons</include>
            <label>909001</label>
          </control>
        </control>
        <control type="group">
          <posx>140</posx>
          <posy>160</posy>
          <control type="group" description="1st row">
            <control type="button" id="65">
              <description>'A' button</description>
              <posx>0</posx>
              <onleft>8</onleft>
              <onright>66</onright>
              <onup>302</onup>
              <ondown>71</ondown>
              <include>Keyboard</include>
            </control>
            <control type="button" id="66">
              <description>'B' button</description>
              <posx>125</posx>
              <width>75</width>
              <height>75</height>
              <onleft>65</onleft>
              <onright>67</onright>
              <onup>303</onup>
              <ondown>72</ondown>
              <include>Keyboard</include>
            </control>
            <control type="button" id="67">
              <description>'C' button</description>
              <posx>250</posx>
              <width>75</width>
              <height>75</height>
              <onleft>66</onleft>
              <onright>68</onright>
              <onup>303</onup>
              <ondown>73</ondown>
              <include>Keyboard</include>
            </control>
            <control type="button" id="68">
              <description>'D' button</description>
              <posx>375</posx>
              <onleft>67</onleft>
              <onright>69</onright>
              <onup>303</onup>
              <ondown>74</ondown>
              <include>Keyboard</include>
            </control>
            <control type="button" id="69">
              <description>'E' button</description>
              <posx>500</posx>
              <onleft>68</onleft>
              <onright>70</onright>
              <onup>303</onup>
              <ondown>75</ondown>
              <include>Keyboard</include>
            </control>
            <control type="button" id="70">
              <description>'F' button</description>
              <posx>625</posx>
              <onleft>69</onleft>
              <onright>8</onright>
              <onup>909001</onup>
              <ondown>76</ondown>
              <include>Keyboard</include>
            </control>
          </control>
          <control type="group" description="2nd row">
            <posy>90</posy>
            <control type="button" id="71">
              <description>'G' button</description>
              <posx>0</posx>
              <onleft>304</onleft>
              <onright>72</onright>
              <onup>65</onup>
              <ondown>77</ondown>
              <include>Keyboard</include>
            </control>
            <control type="button" id="72">
              <description>'H' button</description>
              <posx>125</posx>
              <onleft>71</onleft>
              <onright>73</onright>
              <onup>66</onup>
              <ondown>78</ondown>
              <include>Keyboard</include>
            </control>
            <control type="button" id="73">
              <description>'I' button</description>
              <posx>250</posx>
              <onleft>72</onleft>
              <onright>74</onright>
              <onup>67</onup>
              <ondown>79</ondown>
              <include>Keyboard</include>
            </control>
            <control type="button" id="74">
              <description>'J' button</description>
              <posx>375</posx>
              <onleft>73</onleft>
              <onright>75</onright>
              <onup>68</onup>
              <ondown>80</ondown>
              <include>Keyboard</include>
            </control>
            <control type="button" id="75">
              <description>'K' button</description>
              <posx>500</posx>
              <onleft>74</onleft>
              <onright>76</onright>
              <onup>69</onup>
              <ondown>81</ondown>
              <include>Keyboard</include>
            </control>
            <control type="button" id="76">
              <description>'L' button</description>
              <posx>625</posx>
              <onleft>75</onleft>
              <onright>304</onright>
              <onup>70</onup>
              <ondown>82</ondown>
              <include>Keyboard</include>
            </control>
          </control>
          <control type="group" description="3rd row">
            <posy>180</posy>
            <control type="button" id="77">
              <description>'M' button</description>
              <onleft>307</onleft>
              <onright>78</onright>
              <onup>71</onup>
              <ondown>83</ondown>
              <include>Keyboard</include>
            </control>
            <control type="button" id="78">
              <description>'N' button</description>
              <posx>125</posx>
              <onleft>77</onleft>
              <onright>79</onright>
              <onup>72</onup>
              <ondown>84</ondown>
              <include>Keyboard</include>
            </control>
            <control type="button" id="79">
              <description>'O' button</description>
              <posx>250</posx>
              <onleft>78</onleft>
              <onright>80</onright>
              <onup>73</onup>
              <ondown>85</ondown>
              <include>Keyboard</include>
            </control>
            <control type="button" id="80">
              <description>'P' button</description>
              <posx>375</posx>
              <onleft>79</onleft>
              <onright>81</onright>
              <onup>74</onup>
              <ondown>86</ondown>
              <include>Keyboard</include>
            </control>
            <control type="button" id="81">
              <description>'Q' button</description>
              <posx>500</posx>
              <onleft>80</onleft>
              <onright>82</onright>
              <onup>75</onup>
              <ondown>87</ondown>
              <include>Keyboard</include>
            </control>
            <control type="button" id="82">
              <description>'R' button</description>
              <posx>625</posx>
              <onleft>81</onleft>
              <onright>307</onright>
              <onup>76</onup>
              <ondown>88</ondown>
              <include>Keyboard</include>
            </control>
          </control>
          <control type="group" description="4th row">
            <posy>270</posy>
            <control type="button" id="83">
              <description>'S' button</description>
              <posx>0</posx>
              <onleft>303</onleft>
              <onright>84</onright>
              <onup>77</onup>
              <ondown>89</ondown>
              <include>Keyboard</include>
            </control>
            <control type="button" id="84">
              <description>'T' button</description>
              <posx>125</posx>
              <onleft>83</onleft>
              <onright>85</onright>
              <onup>78</onup>
              <ondown>90</ondown>
              <include>Keyboard</include>
            </control>
            <control type="button" id="85">
              <description>'U' button</description>
              <posx>250</posx>
              <onleft>84</onleft>
              <onright>86</onright>
              <onup>79</onup>
              <ondown>48</ondown>
              <include>Keyboard</include>
            </control>
            <control type="button" id="86">
              <description>'V' button</description>
              <posx>375</posx>
              <onleft>85</onleft>
              <onright>87</onright>
              <onup>80</onup>
              <ondown>49</ondown>
              <include>Keyboard</include>
            </control>
            <control type="button" id="87">
              <description>'W' button</description>
              <posx>500</posx>
              <onleft>86</onleft>
              <onright>88</onright>
              <onup>81</onup>
              <ondown>50</ondown>
              <include>Keyboard</include>
            </control>
            <control type="button" id="88">
              <description>'X' button</description>
              <posx>625</posx>
              <onleft>87</onleft>
              <onright>303</onright>
              <onup>82</onup>
              <ondown>51</ondown>
              <include>Keyboard</include>
            </control>
          </control>
          <control type="group" description="5th row">
            <posy>360</posy>
            <control type="button" id="89">
              <description>'Y' button</description>
              <posx>0</posx>
              <onleft>302</onleft>
              <onright>90</onright>
              <onup>83</onup>
              <ondown>52</ondown>
              <include>Keyboard</include>
            </control>
            <control type="button" id="90">
              <description>'Z' button</description>
              <posx>125</posx>
              <onleft>89</onleft>
              <onright>48</onright>
              <onup>84</onup>
              <ondown>53</ondown>
              <include>Keyboard</include>
            </control>
            <control type="button" id="48">
              <description>'0' button</description>
              <posx>250</posx>
              <onleft>90</onleft>
              <onright>49</onright>
              <onup>85</onup>
              <ondown>54</ondown>
              <include>Keyboard</include>
            </control>
            <control type="button" id="49">
              <description>'1' button</description>
              <posx>375</posx>
              <onleft>48</onleft>
              <onright>50</onright>
              <onup>86</onup>
              <ondown>55</ondown>
              <include>Keyboard</include>
            </control>
            <control type="button" id="50">
              <description>'2' button</description>
              <posx>500</posx>
              <onleft>49</onleft>
              <onright>51</onright>
              <onup>87</onup>
              <ondown>56</ondown>
              <include>Keyboard</include>
            </control>
            <control type="button" id="51">
              <description>'3' button</description>
              <posx>625</posx>
              <onleft>50</onleft>
              <onright>302</onright>
              <onup>88</onup>
              <ondown>57</ondown>
              <include>Keyboard</include>
            </control>
          </control>
          <control type="group" description="6th row">
            <posy>450</posy>
            <control type="button" id="52">
              <description>'4' button</description>
              <posx>0</posx>
              <onleft>57</onleft>
              <onright>53</onright>
              <onup>89</onup>
              <ondown>305</ondown>
              <include>Keyboard</include>
            </control>
            <control type="button" id="53">
              <description>'5' button</description>
              <posx>125</posx>
              <onleft>52</onleft>
              <onright>54</onright>
              <onup>90</onup>
              <ondown>32</ondown>
              <include>Keyboard</include>
            </control>
            <control type="button" id="54">
              <description>'6' button</description>
              <posx>250</posx>
              <onleft>53</onleft>
              <onright>55</onright>
              <onup>48</onup>
              <ondown>32</ondown>
              <include>Keyboard</include>
            </control>
            <control type="button" id="55">
              <description>'7' button</description>
              <posx>375</posx>
              <onleft>54</onleft>
              <onright>56</onright>
              <onup>49</onup>
              <ondown>32</ondown>
              <include>Keyboard</include>
            </control>
            <control type="button" id="56">
              <description>'8' button</description>
              <posx>500</posx>
              <onleft>55</onleft>
              <onright>57</onright>
              <onup>50</onup>
              <ondown>32</ondown>
              <include>Keyboard</include>
            </control>
            <control type="button" id="57">
              <description>'9' button</description>
              <posx>625</posx>
              <onleft>56</onleft>
              <onright>52</onright>
              <onup>51</onup>
              <ondown>306</ondown>
              <include>Keyboard</include>
            </control>
          </control>
          <control type="grouplist" description="7th row">
            <posy>560</posy>
            <posx>-28</posx>
            <itemgap>0</itemgap>
            <align>center</align>
            <width>760</width>
            <onup>52</onup>
            <orientation>horizontal</orientation>
            <control type="button" id="305" description="prev">
              <width>90</width>
              <include>Keyboardbuttons</include>
              <label>&lt;</label>
            </control>
            <control type="button" id="32">
              <include>Keyboardbuttons</include>
              <label>20182</label>
            </control>
            <control type="button" id="8">
              <include>Keyboardbuttons</include>
              <label>$LOCALIZE[20181]</label>
            </control>
            <control type="button" id="300" description="DONE button">
              <include>Keyboardbuttons</include>
              <label>[UPPERCASE]$LOCALIZE[20177][/UPPERCASE]</label>
            </control>
            <control type="button" id="306">
              <width>90</width>
              <include>Keyboardbuttons</include>
              <label>&gt;</label>
            </control>
          </control>
        </control>
      </control>
    </control>
  </controls>
</window>
